time	L1	L2	L3
2018-01-25 09:00:00	0	0	0
2018-01-25 09:00:00	0	0	0
2018-01-25 09:00:00	0	0	0
2018-01-25 09:30:00	0	0	0
2018-01-25 09:30:00	0	0	0
2018-01-25 09:30:00	0	0	0
2018-01-25 10:00:00	0	0	0
2018-01-25 10:00:00	0	0	0
2018-01-25 10:00:00	0	0	0
2018-01-25 10:30:00	0	0	0
2018-01-25 10:30:00	0	0	0
2018-01-25 10:30:00	0	0	0
2018-01-25 11:00:00	0	0	0
2018-01-25 11:00:00	0	0	0
2018-01-25 11:00:00	0	0	0
2018-01-25 11:30:00	0	0	0
2018-01-25 11:30:00	0	0	0
2018-01-25 11:30:00	0	0	0
2018-01-25 12:00:00	0	0	0
2018-01-25 12:00:00	0	0	0
2018-01-25 12:00:00	0	0	0
2018-01-25 12:30:00	0	0	0
2018-01-25 12:30:00	0	0	0
2018-01-25 12:30:00	0	0	0
2018-01-25 13:00:00	0	0	0
2018-01-25 13:00:00	0	0	0
2018-01-25 13:00:00	0	0	0
2018-01-25 13:30:00	0	0	0
2018-01-25 13:30:00	0	0	0
2018-01-25 13:30:00	0	0	0
2018-01-25 14:00:00	0	0	0
2018-01-25 14:00:00	0	0	0
2018-01-25 14:00:00	0	0	0
2018-01-25 14:30:00	0	0	0
2018-01-25 14:30:00	0	0	0
2018-01-25 14:30:00	0	0	0
2018-01-25 15:00:00	0	0	0
2018-01-25 15:00:00	0	0	0
2018-01-25 15:00:00	0	0	0
2018-01-25 15:30:00	0	0	0
2018-01-25 15:30:00	0	0	0
2018-01-25 15:30:00	0	0	0
2018-01-25 16:00:00	0	0	0
2018-01-25 16:00:00	0	0	0
2018-01-25 16:00:00	0	0	0
2018-01-25 16:30:00	0	0	0
2018-01-25 16:30:00	0	0	0
2018-01-25 16:30:00	0	0	0
2018-01-25 17:00:00	0	0	0
2018-01-25 17:00:00	0	0	0
2018-01-25 17:00:00	0	0	0
2018-01-25 17:30:00	0	0	0
2018-01-25 17:30:00	0	0	0
2018-01-25 17:30:00	0	0	0
2018-01-25 20:30:00	0	0	0
2018-01-25 20:30:00	0	0	0
2018-01-25 20:30:00	0	0	0
2018-01-25 21:00:00	0	0	0
2018-01-25 21:00:00	0	0	0
2018-01-25 21:00:00	0	0	0
2018-01-25 21:30:00	0	0	0
2018-01-25 21:30:00	0	0	0
2018-01-25 21:30:00	0	0	0
2018-01-25 22:00:00	0	0	0
2018-01-25 22:00:00	0	0	0
2018-01-25 22:00:00	0	0	0
2018-01-25 22:30:00	0	0	0
2018-01-25 22:30:00	0	0	0
2018-01-25 22:30:00	0	0	0
2018-01-25 23:00:00	0	0	0
2018-01-25 23:00:00	0	0	0
2018-01-25 23:00:00	0	0	0
2018-01-25 23:30:00	0	0	0
2018-01-25 23:30:00	0	0	0
2018-01-25 23:30:00	0	0	0
2018-01-26 00:00:00	0	0	0
2018-01-26 00:00:00	0	0	0
2018-01-26 00:00:00	0	0	0
2018-01-26 00:30:00	0	0	0
2018-01-26 00:30:00	0	0	0
2018-01-26 00:30:00	0	0	0
2018-01-26 01:00:00	0	0	0
2018-01-26 01:00:00	0	0	0
2018-01-26 01:00:00	0	0	0
2018-01-26 01:30:00	0	0	0
2018-01-26 01:30:00	0	0	0
2018-01-26 01:30:00	0	0	0
2018-01-26 02:00:00	0	0	0
2018-01-26 02:00:00	0	0	0
2018-01-26 02:00:00	0	0	0
2018-01-26 02:30:00	0	0	0
2018-01-26 02:30:00	0	0	0
2018-01-26 02:30:00	0	0	0
2018-01-26 03:00:00	0	0	0
2018-01-26 03:00:00	0	0	0
2018-01-26 03:00:00	0	0	0
2018-01-26 03:30:00	0	0	0
2018-01-26 03:30:00	0	0	0
2018-01-26 03:30:00	0	0	0
2018-01-26 04:00:00	0	0	0
2018-01-26 04:00:00	0	0	0
2018-01-26 04:00:00	0	0	0
2018-01-26 04:30:00	0	0	0
2018-01-26 04:30:00	0	0	0
2018-01-26 04:30:00	0	0	0
2018-01-26 05:00:00	0	0	0
2018-01-26 05:00:00	0	0	0
2018-01-26 05:00:00	0	0	0
2018-01-26 05:30:00	0	0	0
2018-01-26 05:30:00	0	0	0
2018-01-26 05:30:00	0	0	0
2018-01-26 06:00:00	0	0	0
2018-01-26 06:00:00	0	0	0
2018-01-26 06:00:00	0	0	0
2018-01-26 06:30:00	0	0	0
2018-01-26 06:30:00	0	0	0
2018-01-26 06:30:00	0	0	0
2018-01-26 07:00:00	0	0	0
2018-01-26 07:00:00	0	0	0
2018-01-26 07:00:00	0	0	0
2018-01-26 07:30:00	0	0	0
2018-01-26 07:30:00	0	0	0
2018-01-26 07:30:00	0	0	0
2018-01-26 09:30:00	0	0	0
2018-01-26 09:30:00	0	0	0
2018-01-26 09:30:00	0	0	0
2018-01-26 10:00:00	0	0	0
2018-01-26 10:00:00	0	0	0
2018-01-26 10:00:00	0	0	0
2018-01-26 10:30:00	0	0	0
2018-01-26 10:30:00	0	0	0
2018-01-26 10:30:00	0	0	0
2018-01-26 11:00:00	1	7	1
2018-01-26 11:00:00	1	7	1
2018-01-26 11:00:00	1	7	1
2018-01-26 11:30:00	0	7	0
2018-01-26 11:30:00	0	7	0
2018-01-26 11:30:00	0	7	0
2018-01-26 12:00:00	15	13	9
2018-01-26 12:00:00	15	13	9
2018-01-26 12:00:00	15	13	9
2018-01-26 12:30:00	2	13	5
2018-01-26 12:30:00	2	13	5
2018-01-26 12:30:00	2	13	5
2018-01-26 13:00:00	20	21	24
2018-01-26 13:00:00	20	21	24
2018-01-26 13:00:00	20	21	24
2018-01-26 13:30:00	8	20	17
2018-01-26 13:30:00	8	20	17
2018-01-26 13:30:00	8	20	17
2018-01-26 16:00:00	56	63	76
2018-01-26 16:00:00	56	63	76
2018-01-26 16:00:00	56	63	76
2018-01-26 16:30:00	56	63	77
2018-01-26 16:30:00	56	63	77
2018-01-26 16:30:00	56	63	77
2018-01-26 17:00:00	67	68	89
2018-01-26 17:00:00	67	68	89
2018-01-26 17:00:00	67	68	89
2018-01-26 17:30:00	67	66	87
2018-01-26 17:30:00	67	66	87
2018-01-26 17:30:00	67	66	87
2018-01-26 18:00:00	67	66	87
2018-01-26 18:00:00	67	66	87
2018-01-26 18:00:00	67	66	87
2018-01-26 18:30:00	67	65	87
2018-01-26 18:30:00	67	65	87
2018-01-26 18:30:00	67	65	87
2018-01-26 19:00:00	67	66	87
2018-01-26 19:00:00	67	66	87
2018-01-26 19:00:00	67	66	87
2018-01-26 19:30:00	67	66	86
2018-01-26 19:30:00	67	66	86
2018-01-26 19:30:00	67	66	86
2018-01-26 20:00:00	67	67	86
2018-01-26 20:00:00	67	67	86
2018-01-26 20:00:00	67	67	86
2018-01-26 20:30:00	68	67	86
2018-01-26 20:30:00	68	67	86
2018-01-26 20:30:00	68	67	86
2018-01-26 21:00:00	68	67	86
2018-01-26 21:00:00	68	67	86
2018-01-26 21:00:00	68	67	86
2018-01-26 22:00:00	67	67	85
2018-01-26 22:00:00	67	67	85
2018-01-26 22:00:00	67	67	85
2018-01-26 22:30:00	67	67	85
2018-01-26 22:30:00	67	67	85
2018-01-26 22:30:00	67	67	85
2018-01-26 23:00:00	67	67	84
2018-01-26 23:00:00	67	67	84
2018-01-26 23:00:00	67	67	84
2018-01-26 23:30:00	67	68	83
2018-01-26 23:30:00	67	68	83
2018-01-26 23:30:00	67	68	83
2018-01-27 00:00:00	67	68	83
2018-01-27 00:00:00	67	68	83
2018-01-27 00:00:00	67	68	83
2018-01-27 00:30:00	67	68	83
2018-01-27 00:30:00	67	68	83
2018-01-27 00:30:00	67	68	83
2018-01-27 01:00:00	67	69	83
2018-01-27 01:00:00	67	69	83
2018-01-27 01:00:00	67	69	83
2018-01-27 01:30:00	67	70	82
2018-01-27 01:30:00	67	70	82
2018-01-27 01:30:00	67	70	82
2018-01-27 02:00:00	67	70	82
2018-01-27 02:00:00	67	70	82
2018-01-27 02:00:00	67	70	82
2018-01-27 02:30:00	67	70	82
2018-01-27 02:30:00	67	70	82
2018-01-27 02:30:00	67	70	82
2018-01-27 03:00:00	67	70	82
2018-01-27 03:00:00	67	70	82
2018-01-27 03:00:00	67	70	82
2018-01-27 03:30:00	67	70	82
2018-01-27 03:30:00	67	70	82
2018-01-27 03:30:00	67	70	82
2018-01-27 04:00:00	67	70	82
2018-01-27 04:00:00	67	70	82
2018-01-27 04:00:00	67	70	82
2018-01-27 04:30:00	67	70	82
2018-01-27 04:30:00	67	70	82
2018-01-27 04:30:00	67	70	82
2018-01-27 05:00:00	67	70	82
2018-01-27 05:00:00	67	70	82
2018-01-27 05:00:00	67	70	82
2018-01-27 05:30:00	67	70	82
2018-01-27 05:30:00	67	70	82
2018-01-27 05:30:00	67	70	82
2018-01-27 06:00:00	67	70	82
2018-01-27 06:00:00	67	70	82
2018-01-27 06:00:00	67	70	82
2018-01-27 06:30:00	67	70	82
2018-01-27 06:30:00	67	70	82
2018-01-27 06:30:00	67	70	82
2018-01-27 07:00:00	67	70	82
2018-01-27 07:00:00	67	70	82
2018-01-27 07:00:00	67	70	82
2018-01-27 07:30:00	67	70	82
2018-01-27 07:30:00	67	70	82
2018-01-27 07:30:00	67	70	82
2018-01-27 09:30:00	67	70	82
2018-01-27 09:30:00	67	70	82
2018-01-27 09:30:00	67	70	82
2018-01-27 10:00:00	67	70	82
2018-01-27 10:00:00	67	70	82
2018-01-27 10:00:00	67	70	82
2018-01-27 10:30:00	67	70	82
2018-01-27 10:30:00	67	70	82
2018-01-27 10:30:00	67	70	82
2018-01-27 11:00:00	67	70	82
2018-01-27 11:00:00	67	70	82
2018-01-27 11:00:00	67	70	82
2018-01-27 11:30:00	67	69	83
2018-01-27 11:30:00	67	69	83
2018-01-27 11:30:00	67	69	83
2018-01-27 12:00:00	67	69	84
2018-01-27 12:00:00	67	69	84
2018-01-27 12:00:00	67	69	84
2018-01-27 12:30:00	67	69	84
2018-01-27 12:30:00	67	69	84
2018-01-27 12:30:00	67	69	84
2018-01-27 13:00:00	67	69	84
2018-01-27 13:00:00	67	69	84
2018-01-27 13:00:00	67	69	84
2018-01-27 13:30:00	67	69	84
2018-01-27 13:30:00	67	69	84
2018-01-27 13:30:00	67	69	84
2018-01-27 14:00:00	67	69	84
2018-01-27 14:00:00	67	69	84
2018-01-27 14:00:00	67	69	84
2018-01-27 14:30:00	67	68	84
2018-01-27 14:30:00	67	68	84
2018-01-27 14:30:00	67	68	84
2018-01-27 15:00:00	67	70	84
2018-01-27 15:00:00	67	70	84
2018-01-27 15:00:00	67	70	84
2018-01-27 15:30:00	67	70	84
2018-01-27 15:30:00	67	70	84
2018-01-27 15:30:00	67	70	84
2018-01-27 16:00:00	67	70	83
2018-01-27 16:00:00	67	70	83
2018-01-27 16:00:00	67	70	83
2018-01-27 16:30:00	67	70	83
2018-01-27 16:30:00	67	70	83
2018-01-27 16:30:00	67	70	83
2018-01-27 17:00:00	67	70	83
2018-01-27 17:00:00	67	70	83
2018-01-27 17:00:00	67	70	83
2018-01-27 17:30:00	67	70	83
2018-01-27 17:30:00	67	70	83
2018-01-27 17:30:00	67	70	83
2018-01-27 18:00:00	67	70	83
2018-01-27 18:00:00	67	70	83
2018-01-27 18:00:00	67	70	83
2018-01-27 18:30:00	67	70	83
2018-01-27 18:30:00	67	70	83
2018-01-27 18:30:00	67	70	83
2018-01-27 19:00:00	67	70	83
2018-01-27 19:00:00	67	70	83
2018-01-27 19:00:00	67	70	83
2018-01-27 19:30:00	67	70	83
2018-01-27 19:30:00	67	70	83
2018-01-27 19:30:00	67	70	83
2018-01-27 20:00:00	67	70	83
2018-01-27 20:00:00	67	70	83
2018-01-27 20:00:00	67	70	83
2018-01-27 20:30:00	67	69	83
2018-01-27 20:30:00	67	69	83
2018-01-27 20:30:00	67	69	83
2018-01-27 21:00:00	66	69	83
2018-01-27 21:00:00	66	69	83
2018-01-27 21:00:00	66	69	83
2018-01-27 21:30:00	66	69	83
2018-01-27 21:30:00	66	69	83
2018-01-27 21:30:00	66	69	83
2018-01-27 22:00:00	67	69	83
2018-01-27 22:00:00	67	69	83
2018-01-27 22:00:00	67	69	83
2018-01-27 22:30:00	67	69	83
2018-01-27 22:30:00	67	69	83
2018-01-27 22:30:00	67	69	83
2018-01-27 23:00:00	67	69	83
2018-01-27 23:00:00	67	69	83
2018-01-27 23:00:00	67	69	83
2018-01-27 23:30:00	67	69	83
2018-01-27 23:30:00	67	69	83
2018-01-27 23:30:00	67	69	83
2018-01-28 00:00:00	67	69	83
2018-01-28 00:00:00	67	69	83
2018-01-28 00:00:00	67	69	83
2018-01-28 00:30:00	67	69	83
2018-01-28 00:30:00	67	69	83
2018-01-28 00:30:00	67	69	83
2018-01-28 01:00:00	68	69	83
2018-01-28 01:00:00	68	69	83
2018-01-28 01:00:00	68	69	83
2018-01-28 01:30:00	68	69	83
2018-01-28 01:30:00	68	69	83
2018-01-28 01:30:00	68	69	83
2018-01-28 02:00:00	68	69	83
2018-01-28 02:00:00	68	69	83
2018-01-28 02:00:00	68	69	83
2018-01-28 02:30:00	68	69	83
2018-01-28 02:30:00	68	69	83
2018-01-28 02:30:00	68	69	83
2018-01-28 03:00:00	68	69	83
2018-01-28 03:00:00	68	69	83
2018-01-28 03:00:00	68	69	83
2018-01-28 03:30:00	68	69	83
2018-01-28 03:30:00	68	69	83
2018-01-28 03:30:00	68	69	83
2018-01-28 04:00:00	68	69	83
2018-01-28 04:00:00	68	69	83
2018-01-28 04:00:00	68	69	83
2018-01-28 04:30:00	68	69	83
2018-01-28 04:30:00	68	69	83
2018-01-28 04:30:00	68	69	83
2018-01-28 05:00:00	68	69	83
2018-01-28 05:00:00	68	69	83
2018-01-28 05:00:00	68	69	83
2018-01-28 05:30:00	68	69	83
2018-01-28 05:30:00	68	69	83
2018-01-28 05:30:00	68	69	83
2018-01-28 06:00:00	68	69	83
2018-01-28 06:00:00	68	69	83
2018-01-28 06:00:00	68	69	83
2018-01-28 06:30:00	68	69	83
2018-01-28 06:30:00	68	69	83
2018-01-28 06:30:00	68	69	83
2018-01-28 07:00:00	68	69	83
2018-01-28 07:00:00	68	69	83
2018-01-28 07:00:00	68	69	83
2018-01-28 07:30:00	68	69	83
2018-01-28 07:30:00	68	69	83
2018-01-28 07:30:00	68	69	83
2018-01-28 09:30:00	68	69	83
2018-01-28 09:30:00	68	69	83
2018-01-28 09:30:00	68	69	83
2018-01-28 10:00:00	68	69	83
2018-01-28 10:00:00	68	69	83
2018-01-28 10:00:00	68	69	83
2018-01-28 10:30:00	68	69	83
2018-01-28 10:30:00	68	69	83
2018-01-28 10:30:00	68	69	83
2018-01-28 11:00:00	68	69	83
2018-01-28 11:00:00	68	69	83
2018-01-28 11:00:00	68	69	83
2018-01-28 11:30:00	68	69	83
2018-01-28 11:30:00	68	69	83
2018-01-28 11:30:00	68	69	83
2018-01-28 12:00:00	68	69	83
2018-01-28 12:00:00	68	69	83
2018-01-28 12:00:00	68	69	83
2018-01-28 12:30:00	68	69	83
2018-01-28 12:30:00	68	69	83
2018-01-28 12:30:00	68	69	83
2018-01-28 13:00:00	68	69	83
2018-01-28 13:00:00	68	69	83
2018-01-28 13:00:00	68	69	83
2018-01-28 13:30:00	68	69	83
2018-01-28 13:30:00	68	69	83
2018-01-28 13:30:00	68	69	83
2018-01-28 14:00:00	68	69	83
2018-01-28 14:00:00	68	69	83
2018-01-28 14:00:00	68	69	83
2018-01-28 14:30:00	67	69	83
2018-01-28 14:30:00	67	69	83
2018-01-28 14:30:00	67	69	83
2018-01-28 15:00:00	67	69	82
2018-01-28 15:00:00	67	69	82
2018-01-28 15:00:00	67	69	82
2018-01-28 15:30:00	67	68	82
2018-01-28 15:30:00	67	68	82
2018-01-28 15:30:00	67	68	82
2018-01-28 16:00:00	67	68	82
2018-01-28 16:00:00	67	68	82
2018-01-28 16:00:00	67	68	82
2018-01-28 16:30:00	67	68	82
2018-01-28 16:30:00	67	68	82
2018-01-28 16:30:00	67	68	82
2018-01-28 17:00:00	67	68	82
2018-01-28 17:00:00	67	68	82
2018-01-28 17:00:00	67	68	82
2018-01-28 17:30:00	67	68	82
2018-01-28 17:30:00	67	68	82
2018-01-28 17:30:00	67	68	82
2018-01-28 18:00:00	67	68	82
2018-01-28 18:00:00	67	68	82
2018-01-28 18:00:00	67	68	82
2018-01-28 18:30:00	67	68	82
2018-01-28 18:30:00	67	68	82
2018-01-28 18:30:00	67	68	82
2018-01-28 19:00:00	67	68	82
2018-01-28 19:00:00	67	68	82
2018-01-28 19:00:00	67	68	82
2018-01-28 19:30:00	67	69	83
2018-01-28 19:30:00	67	69	83
2018-01-28 19:30:00	67	69	83
2018-01-28 20:00:00	67	68	83
2018-01-28 20:00:00	67	68	83
2018-01-28 20:00:00	67	68	83
2018-01-28 20:30:00	67	68	83
2018-01-28 20:30:00	67	68	83
2018-01-28 20:30:00	67	68	83
2018-01-28 21:00:00	67	68	83
2018-01-28 21:00:00	67	68	83
2018-01-28 21:00:00	67	68	83
2018-01-28 21:30:00	67	68	83
2018-01-28 21:30:00	67	68	83
2018-01-28 21:30:00	67	68	83
2018-01-28 22:00:00	66	68	83
2018-01-28 22:00:00	66	68	83
2018-01-28 22:00:00	66	68	83
2018-01-28 22:30:00	66	68	83
2018-01-28 22:30:00	66	68	83
2018-01-28 22:30:00	66	68	83
2018-01-28 23:00:00	66	68	83
2018-01-28 23:00:00	66	68	83
2018-01-28 23:00:00	66	68	83
2018-01-28 23:30:00	66	68	83
2018-01-28 23:30:00	66	68	83
2018-01-28 23:30:00	66	68	83
2018-01-29 00:00:00	65	68	83
2018-01-29 00:00:00	65	68	83
2018-01-29 00:00:00	65	68	83
2018-01-29 00:30:00	65	68	83
2018-01-29 00:30:00	65	68	83
2018-01-29 00:30:00	65	68	83
2018-01-29 01:00:00	65	68	82
2018-01-29 01:00:00	65	68	82
2018-01-29 01:00:00	65	68	82
2018-01-29 01:30:00	65	68	82
2018-01-29 01:30:00	65	68	82
2018-01-29 01:30:00	65	68	82
2018-01-29 02:00:00	65	68	82
2018-01-29 02:00:00	65	68	82
2018-01-29 02:00:00	65	68	82
2018-01-29 02:30:00	65	68	82
2018-01-29 02:30:00	65	68	82
2018-01-29 02:30:00	65	68	82
2018-01-29 03:00:00	65	68	82
2018-01-29 03:00:00	65	68	82
2018-01-29 03:00:00	65	68	82
2018-01-29 03:30:00	65	68	82
2018-01-29 03:30:00	65	68	82
2018-01-29 03:30:00	65	68	82
2018-01-29 04:00:00	65	68	82
2018-01-29 04:00:00	65	68	82
2018-01-29 04:00:00	65	68	82
2018-01-29 04:30:00	65	68	82
2018-01-29 04:30:00	65	68	82
2018-01-29 04:30:00	65	68	82
2018-01-29 05:00:00	65	68	82
2018-01-29 05:00:00	65	68	82
2018-01-29 05:00:00	65	68	82
2018-01-29 05:30:00	64	68	82
2018-01-29 05:30:00	64	68	82
2018-01-29 05:30:00	64	68	82
2018-01-29 06:00:00	64	68	82
2018-01-29 06:00:00	64	68	82
2018-01-29 06:00:00	64	68	82
2018-01-29 06:30:00	64	68	82
2018-01-29 06:30:00	64	68	82
2018-01-29 06:30:00	64	68	82
2018-01-29 07:00:00	64	68	82
2018-01-29 07:00:00	64	68	82
2018-01-29 07:00:00	64	68	82
2018-01-29 07:30:00	64	68	82
2018-01-29 07:30:00	64	68	82
2018-01-29 07:30:00	64	68	82
2018-01-29 09:30:00	63	68	82
2018-01-29 09:30:00	63	68	82
2018-01-29 09:30:00	63	68	82
2018-01-29 10:00:00	63	68	82
2018-01-29 10:00:00	63	68	82
2018-01-29 10:00:00	63	68	82
2018-01-29 10:30:00	63	68	82
2018-01-29 10:30:00	63	68	82
2018-01-29 10:30:00	63	68	82
2018-01-29 11:00:00	63	68	82
2018-01-29 11:00:00	63	68	82
2018-01-29 11:00:00	63	68	82
2018-01-29 11:30:00	64	68	82
2018-01-29 11:30:00	64	68	82
2018-01-29 11:30:00	64	68	82
2018-01-29 12:00:00	64	68	81
2018-01-29 12:00:00	64	68	81
2018-01-29 12:00:00	64	68	81
2018-01-29 12:30:00	64	68	81
2018-01-29 12:30:00	64	68	81
2018-01-29 12:30:00	64	68	81
2018-01-29 13:00:00	64	67	81
2018-01-29 13:00:00	64	67	81
2018-01-29 13:00:00	64	67	81
2018-01-29 13:30:00	64	67	81
2018-01-29 13:30:00	64	67	81
2018-01-29 13:30:00	64	67	81
2018-01-29 14:00:00	64	67	81
2018-01-29 14:00:00	64	67	81
2018-01-29 14:00:00	64	67	81
2018-01-29 14:30:00	63	67	81
2018-01-29 14:30:00	63	67	81
2018-01-29 14:30:00	63	67	81
2018-01-29 15:00:00	63	67	81
2018-01-29 15:00:00	63	67	81
2018-01-29 15:00:00	63	67	81
2018-01-29 15:30:00	63	67	81
2018-01-29 15:30:00	63	67	81
2018-01-29 15:30:00	63	67	81
2018-01-29 16:00:00	63	67	81
2018-01-29 16:00:00	63	67	81
2018-01-29 16:00:00	63	67	81
2018-01-29 16:30:00	63	67	81
2018-01-29 16:30:00	63	67	81
2018-01-29 16:30:00	63	67	81
2018-01-29 17:00:00	62	67	81
2018-01-29 17:00:00	62	67	81
2018-01-29 17:00:00	62	67	81
2018-01-29 17:30:00	62	67	81
2018-01-29 17:30:00	62	67	81
2018-01-29 17:30:00	62	67	81
2018-01-29 18:00:00	62	67	81
2018-01-29 18:00:00	62	67	81
2018-01-29 18:00:00	62	67	81
2018-01-29 18:30:00	62	67	81
2018-01-29 18:30:00	62	67	81
2018-01-29 18:30:00	62	67	81
2018-01-29 19:00:00	62	67	81
2018-01-29 19:00:00	62	67	81
2018-01-29 19:00:00	62	67	81
2018-01-29 19:30:00	62	67	81
2018-01-29 19:30:00	62	67	81
2018-01-29 19:30:00	62	67	81
2018-01-29 20:00:00	62	67	81
2018-01-29 20:00:00	62	67	81
2018-01-29 20:00:00	62	67	81
2018-01-29 20:30:00	62	67	81
2018-01-29 20:30:00	62	67	81
2018-01-29 20:30:00	62	67	81
2018-01-29 21:00:00	62	67	81
2018-01-29 21:00:00	62	67	81
2018-01-29 21:00:00	62	67	81
2018-01-29 21:30:00	62	67	81
2018-01-29 21:30:00	62	67	81
2018-01-29 21:30:00	62	67	81
2018-01-29 22:00:00	61	67	81
2018-01-29 22:00:00	61	67	81
2018-01-29 22:00:00	61	67	81
2018-01-29 22:30:00	61	67	82
2018-01-29 22:30:00	61	67	82
2018-01-29 22:30:00	61	67	82
2018-01-29 23:00:00	61	67	81
2018-01-29 23:00:00	61	67	81
2018-01-29 23:00:00	61	67	81
2018-01-29 23:30:00	61	67	81
2018-01-29 23:30:00	61	67	81
2018-01-29 23:30:00	61	67	81
2018-01-30 00:00:00	61	67	81
2018-01-30 00:00:00	61	67	81
2018-01-30 00:00:00	61	67	81
2018-01-30 00:30:00	61	67	81
2018-01-30 00:30:00	61	67	81
2018-01-30 00:30:00	61	67	81
2018-01-30 01:00:00	61	67	81
2018-01-30 01:00:00	61	67	81
2018-01-30 01:00:00	61	67	81
2018-01-30 01:30:00	61	67	81
2018-01-30 01:30:00	61	67	81
2018-01-30 01:30:00	61	67	81
2018-01-30 02:00:00	61	67	81
2018-01-30 02:00:00	61	67	81
2018-01-30 02:00:00	61	67	81
2018-01-30 02:30:00	61	67	81
2018-01-30 02:30:00	61	67	81
2018-01-30 02:30:00	61	67	81
2018-01-30 03:00:00	61	67	81
2018-01-30 03:00:00	61	67	81
2018-01-30 03:00:00	61	67	81
2018-01-30 03:30:00	61	67	81
2018-01-30 03:30:00	61	67	81
2018-01-30 03:30:00	61	67	81
2018-01-30 04:00:00	61	67	81
2018-01-30 04:00:00	61	67	81
2018-01-30 04:00:00	61	67	81
2018-01-30 04:30:00	61	67	81
2018-01-30 04:30:00	61	67	81
2018-01-30 04:30:00	61	67	81
2018-01-30 05:00:00	61	67	81
2018-01-30 05:00:00	61	67	81
2018-01-30 05:00:00	61	67	81
2018-01-30 05:30:00	61	67	81
2018-01-30 05:30:00	61	67	81
2018-01-30 05:30:00	61	67	81
2018-01-30 06:00:00	61	67	81
2018-01-30 06:00:00	61	67	81
2018-01-30 06:00:00	61	67	81
2018-01-30 06:30:00	61	67	81
2018-01-30 06:30:00	61	67	81
2018-01-30 06:30:00	61	67	81
2018-01-30 07:00:00	61	67	81
2018-01-30 07:00:00	61	67	81
2018-01-30 07:00:00	61	67	81
2018-01-30 07:30:00	61	67	81
2018-01-30 07:30:00	61	67	81
2018-01-30 07:30:00	61	67	81
2018-01-30 09:30:00	61	67	81
2018-01-30 09:30:00	61	67	81
2018-01-30 09:30:00	61	67	81
2018-01-30 10:00:00	61	67	81
2018-01-30 10:00:00	61	67	81
2018-01-30 10:00:00	61	67	81
2018-01-30 10:30:00	61	67	81
2018-01-30 10:30:00	61	67	81
2018-01-30 10:30:00	61	67	81
2018-01-30 11:00:00	61	67	81
2018-01-30 11:00:00	61	67	81
2018-01-30 11:00:00	61	67	81
2018-01-30 11:30:00	61	67	81
2018-01-30 11:30:00	61	67	81
2018-01-30 11:30:00	61	67	81
2018-01-30 12:00:00	61	67	81
2018-01-30 12:00:00	61	67	81
2018-01-30 12:00:00	61	67	81
2018-01-30 12:30:00	61	67	81
2018-01-30 12:30:00	61	67	81
2018-01-30 12:30:00	61	67	81
2018-01-30 13:00:00	61	67	81
2018-01-30 13:00:00	61	67	81
2018-01-30 13:00:00	61	67	81
2018-01-30 13:30:00	61	67	81
2018-01-30 13:30:00	61	67	81
2018-01-30 13:30:00	61	67	81
2018-01-30 14:00:00	61	67	82
2018-01-30 14:00:00	61	67	82
2018-01-30 14:00:00	61	67	82
2018-01-30 14:30:00	61	67	82
2018-01-30 14:30:00	61	67	82
2018-01-30 14:30:00	61	67	82
2018-01-30 15:00:00	61	67	81
2018-01-30 15:00:00	61	67	81
2018-01-30 15:00:00	61	67	81
2018-01-30 15:30:00	61	67	81
2018-01-30 15:30:00	61	67	81
2018-01-30 15:30:00	61	67	81
2018-01-30 16:00:00	60	66	82
2018-01-30 16:00:00	60	66	82
2018-01-30 16:00:00	60	66	82
2018-01-30 16:30:00	60	66	82
2018-01-30 16:30:00	60	66	82
2018-01-30 16:30:00	60	66	82
2018-01-30 17:00:00	60	66	81
2018-01-30 17:00:00	60	66	81
2018-01-30 17:00:00	60	66	81
2018-01-30 17:30:00	60	66	81
2018-01-30 17:30:00	60	66	81
2018-01-30 17:30:00	60	66	81
2018-01-30 18:00:00	59	66	81
2018-01-30 18:00:00	59	66	81
2018-01-30 18:00:00	59	66	81
2018-01-30 18:30:00	58	66	81
2018-01-30 18:30:00	58	66	81
2018-01-30 18:30:00	58	66	81
2018-01-30 19:00:00	58	67	81
2018-01-30 19:00:00	58	67	81
2018-01-30 19:00:00	58	67	81
2018-01-30 19:30:00	58	67	81
2018-01-30 19:30:00	58	67	81
2018-01-30 19:30:00	58	67	81
2018-01-30 20:00:00	58	67	81
2018-01-30 20:00:00	58	67	81
2018-01-30 20:00:00	58	67	81
2018-01-30 20:30:00	58	67	81
2018-01-30 20:30:00	58	67	81
2018-01-30 20:30:00	58	67	81
2018-01-30 21:00:00	58	67	81
2018-01-30 21:00:00	58	67	81
2018-01-30 21:00:00	58	67	81
2018-01-30 21:30:00	58	67	81
2018-01-30 21:30:00	58	67	81
2018-01-30 21:30:00	58	67	81
2018-01-30 22:00:00	58	66	81
2018-01-30 22:00:00	58	66	81
2018-01-30 22:00:00	58	66	81
2018-01-30 22:30:00	58	66	81
2018-01-30 22:30:00	58	66	81
2018-01-30 22:30:00	58	66	81
2018-01-30 23:00:00	58	66	81
2018-01-30 23:00:00	58	66	81
2018-01-30 23:00:00	58	66	81
2018-01-30 23:30:00	58	66	81
2018-01-30 23:30:00	58	66	81
2018-01-30 23:30:00	58	66	81
2018-01-31 00:00:00	58	66	81
2018-01-31 00:00:00	58	66	81
2018-01-31 00:00:00	58	66	81
2018-01-31 00:30:00	58	66	81
2018-01-31 00:30:00	58	66	81
2018-01-31 00:30:00	58	66	81
2018-01-31 01:00:00	58	66	81
2018-01-31 01:00:00	58	66	81
2018-01-31 01:00:00	58	66	81
2018-01-31 01:30:00	58	66	81
2018-01-31 01:30:00	58	66	81
2018-01-31 01:30:00	58	66	81
2018-01-31 02:00:00	58	66	80
2018-01-31 02:00:00	58	66	80
2018-01-31 02:00:00	58	66	80
2018-01-31 02:30:00	58	66	80
2018-01-31 02:30:00	58	66	80
2018-01-31 02:30:00	58	66	80
2018-01-31 03:00:00	58	66	80
2018-01-31 03:00:00	58	66	80
2018-01-31 03:00:00	58	66	80
2018-01-31 03:30:00	58	66	80
2018-01-31 03:30:00	58	66	80
2018-01-31 03:30:00	58	66	80
2018-01-31 04:00:00	58	66	80
2018-01-31 04:00:00	58	66	80
2018-01-31 04:00:00	58	66	80
2018-01-31 04:30:00	58	66	80
2018-01-31 04:30:00	58	66	80
2018-01-31 04:30:00	58	66	80
2018-01-31 05:00:00	58	66	80
2018-01-31 05:00:00	58	66	80
2018-01-31 05:00:00	58	66	80
2018-01-31 05:30:00	58	66	80
2018-01-31 05:30:00	58	66	80
2018-01-31 05:30:00	58	66	80
2018-01-31 06:00:00	58	66	80
2018-01-31 06:00:00	58	66	80
2018-01-31 06:00:00	58	66	80
2018-01-31 06:30:00	58	66	80
2018-01-31 06:30:00	58	66	80
2018-01-31 06:30:00	58	66	80
2018-01-31 07:00:00	58	66	80
2018-01-31 07:00:00	58	66	80
2018-01-31 07:00:00	58	66	80
2018-01-31 07:30:00	58	66	80
2018-01-31 07:30:00	58	66	80
2018-01-31 07:30:00	58	66	80
2018-01-31 09:30:00	58	66	80
2018-01-31 09:30:00	58	66	80
2018-01-31 09:30:00	58	66	80
2018-01-31 10:00:00	58	66	80
2018-01-31 10:00:00	58	66	80
2018-01-31 10:00:00	58	66	80
2018-01-31 10:30:00	58	66	80
2018-01-31 10:30:00	58	66	80
2018-01-31 10:30:00	58	66	80
2018-01-31 11:00:00	57	66	80
2018-01-31 11:00:00	57	66	80
2018-01-31 11:00:00	57	66	80
2018-01-31 11:30:00	57	66	79
2018-01-31 11:30:00	57	66	79
2018-01-31 11:30:00	57	66	79
2018-01-31 12:00:00	57	66	79
2018-01-31 12:00:00	57	66	79
2018-01-31 12:00:00	57	66	79
2018-01-31 12:30:00	52	62	72
2018-01-31 12:30:00	52	62	72
2018-01-31 12:30:00	52	62	72
2018-01-31 13:00:00	52	62	72
2018-01-31 13:00:00	52	62	72
2018-01-31 13:00:00	52	62	72
2018-01-31 13:30:00	52	62	71
2018-01-31 13:30:00	52	62	71
2018-01-31 13:30:00	52	62	71
2018-01-31 14:00:00	52	62	71
2018-01-31 14:00:00	52	62	71
2018-01-31 14:00:00	52	62	71
2018-01-31 14:30:00	51	61	71
2018-01-31 14:30:00	51	61	71
2018-01-31 14:30:00	51	61	71
2018-01-31 15:00:00	51	60	72
2018-01-31 15:00:00	51	60	72
2018-01-31 15:00:00	51	60	72
2018-01-31 15:30:00	51	60	72
2018-01-31 15:30:00	51	60	72
2018-01-31 15:30:00	51	60	72
2018-01-31 16:00:00	51	60	72
2018-01-31 16:00:00	51	60	72
2018-01-31 16:00:00	51	60	72
2018-01-31 16:30:00	51	60	72
2018-01-31 16:30:00	51	60	72
2018-01-31 16:30:00	51	60	72
2018-01-31 17:00:00	51	60	72
2018-01-31 17:00:00	51	60	72
2018-01-31 17:00:00	51	60	72
2018-01-31 17:30:00	50	60	72
2018-01-31 17:30:00	50	60	72
2018-01-31 17:30:00	50	60	72
2018-01-31 18:00:00	50	60	72
2018-01-31 18:00:00	50	60	72
2018-01-31 18:00:00	50	60	72
2018-01-31 18:30:00	51	59	72
2018-01-31 18:30:00	51	59	72
2018-01-31 18:30:00	51	59	72
2018-01-31 19:00:00	51	59	70
2018-01-31 19:00:00	51	59	70
2018-01-31 19:00:00	51	59	70
2018-01-31 19:30:00	51	59	70
2018-01-31 19:30:00	51	59	70
2018-01-31 19:30:00	51	59	70
2018-01-31 20:00:00	51	59	70
2018-01-31 20:00:00	51	59	70
2018-01-31 20:00:00	51	59	70
2018-01-31 20:30:00	51	59	70
2018-01-31 20:30:00	51	59	70
2018-01-31 20:30:00	51	59	70
2018-01-31 21:00:00	51	59	70
2018-01-31 21:00:00	51	59	70
2018-01-31 21:00:00	51	59	70
2018-01-31 21:30:00	51	59	70
2018-01-31 21:30:00	51	59	70
2018-01-31 21:30:00	51	59	70
2018-01-31 22:00:00	51	59	70
2018-01-31 22:00:00	51	59	70
2018-01-31 22:00:00	51	59	70
2018-01-31 22:30:00	51	59	70
2018-01-31 22:30:00	51	59	70
2018-01-31 22:30:00	51	59	70
2018-01-31 23:00:00	51	59	71
2018-01-31 23:00:00	51	59	71
2018-01-31 23:00:00	51	59	71
2018-01-31 23:30:00	50	59	71
2018-01-31 23:30:00	50	59	71
2018-01-31 23:30:00	50	59	71
2018-02-01 00:00:00	50	60	70
2018-02-01 00:00:00	50	60	70
2018-02-01 00:00:00	50	60	70
2018-02-01 00:30:00	50	60	70
2018-02-01 00:30:00	50	60	70
2018-02-01 00:30:00	50	60	70
2018-02-01 01:00:00	50	60	70
2018-02-01 01:00:00	50	60	70
2018-02-01 01:00:00	50	60	70
2018-02-01 01:30:00	50	60	70
2018-02-01 01:30:00	50	60	70
2018-02-01 01:30:00	50	60	70
2018-02-01 02:00:00	50	60	70
2018-02-01 02:00:00	50	60	70
2018-02-01 02:00:00	50	60	70
2018-02-01 02:30:00	50	60	70
2018-02-01 02:30:00	50	60	70
2018-02-01 02:30:00	50	60	70
2018-02-01 03:00:00	50	60	70
2018-02-01 03:00:00	50	60	70
2018-02-01 03:00:00	50	60	70
2018-02-01 03:30:00	50	60	70
2018-02-01 03:30:00	50	60	70
2018-02-01 03:30:00	50	60	70
2018-02-01 04:00:00	50	60	70
2018-02-01 04:00:00	50	60	70
2018-02-01 04:00:00	50	60	70
2018-02-01 04:30:00	50	60	70
2018-02-01 04:30:00	50	60	70
2018-02-01 04:30:00	50	60	70
2018-02-01 05:00:00	50	60	70
2018-02-01 05:00:00	50	60	70
2018-02-01 05:00:00	50	60	70
2018-02-01 05:30:00	50	60	70
2018-02-01 05:30:00	50	60	70
2018-02-01 05:30:00	50	60	70
2018-02-01 06:00:00	50	60	70
2018-02-01 06:00:00	50	60	70
2018-02-01 06:00:00	50	60	70
2018-02-01 06:30:00	50	60	70
2018-02-01 06:30:00	50	60	70
2018-02-01 06:30:00	50	60	70
2018-02-01 07:00:00	50	60	70
2018-02-01 07:00:00	50	60	70
2018-02-01 07:00:00	50	60	70
2018-02-01 07:30:00	50	60	70
2018-02-01 07:30:00	50	60	70
2018-02-01 07:30:00	50	60	70
2018-02-01 09:30:00	50	60	70
2018-02-01 09:30:00	50	60	70
2018-02-01 09:30:00	50	60	70
2018-02-01 10:00:00	50	60	70
2018-02-01 10:00:00	50	60	70
2018-02-01 10:00:00	50	60	70
2018-02-01 10:30:00	50	60	70
2018-02-01 10:30:00	50	60	70
2018-02-01 10:30:00	50	60	70
2018-02-01 11:00:00	51	59	69
2018-02-01 11:00:00	51	59	69
2018-02-01 11:00:00	51	59	69
2018-02-01 11:30:00	51	59	67
2018-02-01 11:30:00	51	59	67
2018-02-01 11:30:00	51	59	67
2018-02-01 12:00:00	51	59	67
2018-02-01 12:00:00	51	59	67
2018-02-01 12:00:00	51	59	67
2018-02-01 12:30:00	51	58	67
2018-02-01 12:30:00	51	58	67
2018-02-01 12:30:00	51	58	67
2018-02-01 13:00:00	50	58	67
2018-02-01 13:00:00	50	58	67
2018-02-01 13:00:00	50	58	67
2018-02-01 13:30:00	50	58	67
2018-02-01 13:30:00	50	58	67
2018-02-01 13:30:00	50	58	67
2018-02-01 14:30:00	50	57	66
2018-02-01 14:30:00	50	57	66
2018-02-01 14:30:00	50	57	66
2018-02-01 15:00:00	50	57	66
2018-02-01 15:00:00	50	57	66
2018-02-01 15:00:00	50	57	66
2018-02-01 15:30:00	49	57	66
2018-02-01 15:30:00	49	57	66
2018-02-01 15:30:00	49	57	66
2018-02-01 16:00:00	49	56	66
2018-02-01 16:00:00	49	56	66
2018-02-01 16:00:00	49	56	66
2018-02-01 16:30:00	48	56	66
2018-02-01 16:30:00	48	56	66
2018-02-01 16:30:00	48	56	66
2018-02-01 17:00:00	48	56	66
2018-02-01 17:00:00	48	56	66
2018-02-01 17:00:00	48	56	66
2018-02-01 17:30:00	48	56	66
2018-02-01 17:30:00	48	56	66
2018-02-01 17:30:00	48	56	66
2018-02-01 18:00:00	48	56	65
2018-02-01 18:00:00	48	56	65
2018-02-01 18:00:00	48	56	65
2018-02-01 18:30:00	48	56	65
2018-02-01 18:30:00	48	56	65
2018-02-01 18:30:00	48	56	65
2018-02-01 19:00:00	48	56	65
2018-02-01 19:00:00	48	56	65
2018-02-01 19:00:00	48	56	65
2018-02-01 19:30:00	48	55	65
2018-02-01 19:30:00	48	55	65
2018-02-01 19:30:00	48	55	65
2018-02-01 20:00:00	48	55	65
2018-02-01 20:00:00	48	55	65
2018-02-01 20:00:00	48	55	65
2018-02-01 20:30:00	48	55	65
2018-02-01 20:30:00	48	55	65
2018-02-01 20:30:00	48	55	65
2018-02-01 21:00:00	48	55	65
2018-02-01 21:00:00	48	55	65
2018-02-01 21:00:00	48	55	65
2018-02-01 21:30:00	48	55	65
2018-02-01 21:30:00	48	55	65
2018-02-01 21:30:00	48	55	65
2018-02-01 22:00:00	48	55	65
2018-02-01 22:00:00	48	55	65
2018-02-01 22:00:00	48	55	65
2018-02-01 22:30:00	48	55	65
2018-02-01 22:30:00	48	55	65
2018-02-01 22:30:00	48	55	65
2018-02-01 23:00:00	48	55	65
2018-02-01 23:00:00	48	55	65
2018-02-01 23:00:00	48	55	65
2018-02-01 23:30:00	48	55	65
2018-02-01 23:30:00	48	55	65
2018-02-01 23:30:00	48	55	65
2018-02-02 00:00:00	48	55	65
2018-02-02 00:00:00	48	55	65
2018-02-02 00:00:00	48	55	65
2018-02-02 00:30:00	48	55	64
2018-02-02 00:30:00	48	55	64
2018-02-02 00:30:00	48	55	64
2018-02-02 01:00:00	48	55	64
2018-02-02 01:00:00	48	55	64
2018-02-02 01:00:00	48	55	64
2018-02-02 01:30:00	48	55	64
2018-02-02 01:30:00	48	55	64
2018-02-02 01:30:00	48	55	64
2018-02-02 02:00:00	48	55	64
2018-02-02 02:00:00	48	55	64
2018-02-02 02:00:00	48	55	64
2018-02-02 02:30:00	48	55	64
2018-02-02 02:30:00	48	55	64
2018-02-02 02:30:00	48	55	64
2018-02-02 03:00:00	48	55	64
2018-02-02 03:00:00	48	55	64
2018-02-02 03:00:00	48	55	64
2018-02-02 03:30:00	48	55	64
2018-02-02 03:30:00	48	55	64
2018-02-02 03:30:00	48	55	64
2018-02-02 04:00:00	48	55	64
2018-02-02 04:00:00	48	55	64
2018-02-02 04:00:00	48	55	64
2018-02-02 04:30:00	48	55	64
2018-02-02 04:30:00	48	55	64
2018-02-02 04:30:00	48	55	64
2018-02-02 05:00:00	48	55	64
2018-02-02 05:00:00	48	55	64
2018-02-02 05:00:00	48	55	64
2018-02-02 05:30:00	48	55	64
2018-02-02 05:30:00	48	55	64
2018-02-02 05:30:00	48	55	64
2018-02-02 06:00:00	48	55	64
2018-02-02 06:00:00	48	55	64
2018-02-02 06:00:00	48	55	64
2018-02-02 06:30:00	48	55	64
2018-02-02 06:30:00	48	55	64
2018-02-02 06:30:00	48	55	64
2018-02-02 07:00:00	48	55	64
2018-02-02 07:00:00	48	55	64
2018-02-02 07:00:00	48	55	64
2018-02-02 07:30:00	48	55	64
2018-02-02 07:30:00	48	55	64
2018-02-02 07:30:00	48	55	64
2018-02-02 09:30:00	48	55	64
2018-02-02 09:30:00	48	55	64
2018-02-02 09:30:00	48	55	64
2018-02-02 10:00:00	47	55	64
2018-02-02 10:00:00	47	55	64
2018-02-02 10:00:00	47	55	64
2018-02-02 10:30:00	46	55	64
2018-02-02 10:30:00	46	55	64
2018-02-02 10:30:00	46	55	64
2018-02-02 11:00:00	45	55	64
2018-02-02 11:00:00	45	55	64
2018-02-02 11:00:00	45	55	64
2018-02-02 11:30:00	45	55	64
2018-02-02 11:30:00	45	55	64
2018-02-02 11:30:00	45	55	64
2018-02-02 12:00:00	45	55	64
2018-02-02 12:00:00	45	55	64
2018-02-02 12:00:00	45	55	64
2018-02-02 12:30:00	45	55	64
2018-02-02 12:30:00	45	55	64
2018-02-02 12:30:00	45	55	64
2018-02-02 13:00:00	46	54	64
2018-02-02 13:00:00	46	54	64
2018-02-02 13:00:00	46	54	64
2018-02-02 13:30:00	46	54	64
2018-02-02 13:30:00	46	54	64
2018-02-02 13:30:00	46	54	64
2018-02-02 14:00:00	46	54	63
2018-02-02 14:00:00	46	54	63
2018-02-02 14:00:00	46	54	63
2018-02-02 14:30:00	46	54	63
2018-02-02 14:30:00	46	54	63
2018-02-02 14:30:00	46	54	63
2018-02-02 15:00:00	46	54	63
2018-02-02 15:00:00	46	54	63
2018-02-02 15:00:00	46	54	63
2018-02-02 15:30:00	46	54	63
2018-02-02 15:30:00	46	54	63
2018-02-02 15:30:00	46	54	63
2018-02-02 16:00:00	46	54	63
2018-02-02 16:00:00	46	54	63
2018-02-02 16:00:00	46	54	63
2018-02-02 16:30:00	46	54	63
2018-02-02 16:30:00	46	54	63
2018-02-02 16:30:00	46	54	63
2018-02-02 17:00:00	45	54	63
2018-02-02 17:00:00	45	54	63
2018-02-02 17:00:00	45	54	63
2018-02-02 17:30:00	45	54	63
2018-02-02 17:30:00	45	54	63
2018-02-02 17:30:00	45	54	63
2018-02-02 18:00:00	45	54	63
2018-02-02 18:00:00	45	54	63
2018-02-02 18:00:00	45	54	63
2018-02-02 18:30:00	45	54	63
2018-02-02 18:30:00	45	54	63
2018-02-02 18:30:00	45	54	63
2018-02-02 19:00:00	44	54	63
2018-02-02 19:00:00	44	54	63
2018-02-02 19:00:00	44	54	63
2018-02-02 19:30:00	44	54	63
2018-02-02 19:30:00	44	54	63
2018-02-02 19:30:00	44	54	63
2018-02-02 20:00:00	44	54	63
2018-02-02 20:00:00	44	54	63
2018-02-02 20:00:00	44	54	63
2018-02-02 20:30:00	44	54	63
2018-02-02 20:30:00	44	54	63
2018-02-02 20:30:00	44	54	63
2018-02-02 21:00:00	44	54	63
2018-02-02 21:00:00	44	54	63
2018-02-02 21:00:00	44	54	63
2018-02-02 21:30:00	44	54	63
2018-02-02 21:30:00	44	54	63
2018-02-02 21:30:00	44	54	63
2018-02-02 22:00:00	44	53	63
2018-02-02 22:00:00	44	53	63
2018-02-02 22:00:00	44	53	63
2018-02-02 22:30:00	44	53	63
2018-02-02 22:30:00	44	53	63
2018-02-02 22:30:00	44	53	63
2018-02-02 23:00:00	44	53	63
2018-02-02 23:00:00	44	53	63
2018-02-02 23:00:00	44	53	63
2018-02-02 23:30:00	44	52	63
2018-02-02 23:30:00	44	52	63
2018-02-02 23:30:00	44	52	63
2018-02-03 00:00:00	44	52	62
2018-02-03 00:00:00	44	52	62
2018-02-03 00:00:00	44	52	62
2018-02-03 00:30:00	44	52	61
2018-02-03 00:30:00	44	52	61
2018-02-03 00:30:00	44	52	61
2018-02-03 01:00:00	44	52	61
2018-02-03 01:00:00	44	52	61
2018-02-03 01:00:00	44	52	61
2018-02-03 01:30:00	44	52	61
2018-02-03 01:30:00	44	52	61
2018-02-03 01:30:00	44	52	61
2018-02-03 02:00:00	44	52	61
2018-02-03 02:00:00	44	52	61
2018-02-03 02:00:00	44	52	61
2018-02-03 02:30:00	44	52	61
2018-02-03 02:30:00	44	52	61
2018-02-03 02:30:00	44	52	61
2018-02-03 03:00:00	44	52	61
2018-02-03 03:00:00	44	52	61
2018-02-03 03:00:00	44	52	61
2018-02-03 03:30:00	44	52	61
2018-02-03 03:30:00	44	52	61
2018-02-03 03:30:00	44	52	61
2018-02-03 04:00:00	44	52	61
2018-02-03 04:00:00	44	52	61
2018-02-03 04:00:00	44	52	61
2018-02-03 04:30:00	44	52	61
2018-02-03 04:30:00	44	52	61
2018-02-03 04:30:00	44	52	61
2018-02-03 05:00:00	44	52	61
2018-02-03 05:00:00	44	52	61
2018-02-03 05:00:00	44	52	61
2018-02-03 05:30:00	44	52	61
2018-02-03 05:30:00	44	52	61
2018-02-03 05:30:00	44	52	61
2018-02-03 06:00:00	44	52	61
2018-02-03 06:00:00	44	52	61
2018-02-03 06:00:00	44	52	61
2018-02-03 06:30:00	44	52	61
2018-02-03 06:30:00	44	52	61
2018-02-03 06:30:00	44	52	61
2018-02-03 07:00:00	44	52	61
2018-02-03 07:00:00	44	52	61
2018-02-03 07:00:00	44	52	61
2018-02-03 07:30:00	44	52	61
2018-02-03 07:30:00	44	52	61
2018-02-03 07:30:00	44	52	61
2018-02-03 09:30:00	44	52	61
2018-02-03 09:30:00	44	52	61
2018-02-03 09:30:00	44	52	61
2018-02-03 10:00:00	44	52	61
2018-02-03 10:00:00	44	52	61
2018-02-03 10:00:00	44	52	61
2018-02-03 10:30:00	44	52	61
2018-02-03 10:30:00	44	52	61
2018-02-03 10:30:00	44	52	61
2018-02-03 11:00:00	44	52	61
2018-02-03 11:00:00	44	52	61
2018-02-03 11:00:00	44	52	61
2018-02-03 11:30:00	44	52	61
2018-02-03 11:30:00	44	52	61
2018-02-03 11:30:00	44	52	61
2018-02-03 12:00:00	44	52	61
2018-02-03 12:00:00	44	52	61
2018-02-03 12:00:00	44	52	61
2018-02-03 12:30:00	44	52	60
2018-02-03 12:30:00	44	52	60
2018-02-03 12:30:00	44	52	60
2018-02-03 13:00:00	44	52	60
2018-02-03 13:00:00	44	52	60
2018-02-03 13:00:00	44	52	60
2018-02-03 13:30:00	44	52	60
2018-02-03 13:30:00	44	52	60
2018-02-03 13:30:00	44	52	60
2018-02-03 14:00:00	44	52	60
2018-02-03 14:00:00	44	52	60
2018-02-03 14:00:00	44	52	60
2018-02-03 14:30:00	44	52	60
2018-02-03 14:30:00	44	52	60
2018-02-03 14:30:00	44	52	60
2018-02-03 15:00:00	44	52	60
2018-02-03 15:00:00	44	52	60
2018-02-03 15:00:00	44	52	60
2018-02-03 15:30:00	44	52	60
2018-02-03 15:30:00	44	52	60
2018-02-03 15:30:00	44	52	60
2018-02-03 16:00:00	44	52	60
2018-02-03 16:00:00	44	52	60
2018-02-03 16:00:00	44	52	60
2018-02-03 16:30:00	44	52	60
2018-02-03 16:30:00	44	52	60
2018-02-03 16:30:00	44	52	60
2018-02-03 17:00:00	44	52	60
2018-02-03 17:00:00	44	52	60
2018-02-03 17:00:00	44	52	60
2018-02-03 17:30:00	44	52	60
2018-02-03 17:30:00	44	52	60
2018-02-03 17:30:00	44	52	60
2018-02-03 18:00:00	44	52	60
2018-02-03 18:00:00	44	52	60
2018-02-03 18:00:00	44	52	60
2018-02-03 18:30:00	44	52	60
2018-02-03 18:30:00	44	52	60
2018-02-03 18:30:00	44	52	60
2018-02-03 19:00:00	44	51	60
2018-02-03 19:00:00	44	51	60
2018-02-03 19:00:00	44	51	60
2018-02-03 19:30:00	44	51	60
2018-02-03 19:30:00	44	51	60
2018-02-03 19:30:00	44	51	60
2018-02-03 20:00:00	44	51	60
2018-02-03 20:00:00	44	51	60
2018-02-03 20:00:00	44	51	60
2018-02-03 20:30:00	44	51	60
2018-02-03 20:30:00	44	51	60
2018-02-03 20:30:00	44	51	60
2018-02-03 21:00:00	44	51	60
2018-02-03 21:00:00	44	51	60
2018-02-03 21:00:00	44	51	60
2018-02-03 21:30:00	44	51	60
2018-02-03 21:30:00	44	51	60
2018-02-03 21:30:00	44	51	60
2018-02-03 22:00:00	44	51	60
2018-02-03 22:00:00	44	51	60
2018-02-03 22:00:00	44	51	60
2018-02-03 22:30:00	44	51	60
2018-02-03 22:30:00	44	51	60
2018-02-03 22:30:00	44	51	60
2018-02-03 23:00:00	44	51	59
2018-02-03 23:00:00	44	51	59
2018-02-03 23:00:00	44	51	59
2018-02-03 23:30:00	44	51	59
2018-02-03 23:30:00	44	51	59
2018-02-03 23:30:00	44	51	59
2018-02-04 00:00:00	44	51	59
2018-02-04 00:00:00	44	51	59
2018-02-04 00:00:00	44	51	59
2018-02-04 00:30:00	44	50	59
2018-02-04 00:30:00	44	50	59
2018-02-04 00:30:00	44	50	59
2018-02-04 01:00:00	44	50	59
2018-02-04 01:00:00	44	50	59
2018-02-04 01:00:00	44	50	59
2018-02-04 01:30:00	44	50	59
2018-02-04 01:30:00	44	50	59
2018-02-04 01:30:00	44	50	59
2018-02-04 02:00:00	44	50	59
2018-02-04 02:00:00	44	50	59
2018-02-04 02:00:00	44	50	59
2018-02-04 02:30:00	44	50	59
2018-02-04 02:30:00	44	50	59
2018-02-04 02:30:00	44	50	59
2018-02-04 03:00:00	44	50	59
2018-02-04 03:00:00	44	50	59
2018-02-04 03:00:00	44	50	59
2018-02-04 03:30:00	45	50	59
2018-02-04 03:30:00	45	50	59
2018-02-04 03:30:00	45	50	59
2018-02-04 04:00:00	45	50	59
2018-02-04 04:00:00	45	50	59
2018-02-04 04:00:00	45	50	59
2018-02-04 04:30:00	45	50	59
2018-02-04 04:30:00	45	50	59
2018-02-04 04:30:00	45	50	59
2018-02-04 05:00:00	45	50	59
2018-02-04 05:00:00	45	50	59
2018-02-04 05:00:00	45	50	59
2018-02-04 05:30:00	45	50	59
2018-02-04 05:30:00	45	50	59
2018-02-04 05:30:00	45	50	59
2018-02-04 06:00:00	45	50	59
2018-02-04 06:00:00	45	50	59
2018-02-04 06:00:00	45	50	59
2018-02-04 06:30:00	45	50	59
2018-02-04 06:30:00	45	50	59
2018-02-04 06:30:00	45	50	59
2018-02-04 07:00:00	45	50	59
2018-02-04 07:00:00	45	50	59
2018-02-04 07:00:00	45	50	59
2018-02-04 07:30:00	45	50	59
2018-02-04 07:30:00	45	50	59
2018-02-04 07:30:00	45	50	59
2018-02-04 09:30:00	45	50	59
2018-02-04 09:30:00	45	50	59
2018-02-04 09:30:00	45	50	59
2018-02-04 10:00:00	45	50	59
2018-02-04 10:00:00	45	50	59
2018-02-04 10:00:00	45	50	59
2018-02-04 10:30:00	44	50	59
2018-02-04 10:30:00	44	50	59
2018-02-04 10:30:00	44	50	59
2018-02-04 11:00:00	44	50	59
2018-02-04 11:00:00	44	50	59
2018-02-04 11:00:00	44	50	59
2018-02-04 11:30:00	44	50	59
2018-02-04 11:30:00	44	50	59
2018-02-04 11:30:00	44	50	59
2018-02-04 12:00:00	44	50	59
2018-02-04 12:00:00	44	50	59
2018-02-04 12:00:00	44	50	59
2018-02-04 12:30:00	44	50	59
2018-02-04 12:30:00	44	50	59
2018-02-04 12:30:00	44	50	59
2018-02-04 13:00:00	44	50	59
2018-02-04 13:00:00	44	50	59
2018-02-04 13:00:00	44	50	59
2018-02-04 13:30:00	44	50	59
2018-02-04 13:30:00	44	50	59
2018-02-04 13:30:00	44	50	59
2018-02-04 14:00:00	44	51	58
2018-02-04 14:00:00	44	51	58
2018-02-04 14:00:00	44	51	58
2018-02-04 14:30:00	44	51	58
2018-02-04 14:30:00	44	51	58
2018-02-04 14:30:00	44	51	58
2018-02-04 15:00:00	44	51	58
2018-02-04 15:00:00	44	51	58
2018-02-04 15:00:00	44	51	58
2018-02-04 15:30:00	44	51	59
2018-02-04 15:30:00	44	51	59
2018-02-04 15:30:00	44	51	59
2018-02-04 16:30:00	44	51	58
2018-02-04 16:30:00	44	51	58
2018-02-04 16:30:00	44	51	58
2018-02-04 17:00:00	44	51	58
2018-02-04 17:00:00	44	51	58
2018-02-04 17:00:00	44	51	58
2018-02-04 17:30:00	43	51	57
2018-02-04 17:30:00	43	51	57
2018-02-04 17:30:00	43	51	57
2018-02-04 18:00:00	43	51	57
2018-02-04 18:00:00	43	51	57
2018-02-04 18:00:00	43	51	57
2018-02-04 18:30:00	43	51	57
2018-02-04 18:30:00	43	51	57
2018-02-04 18:30:00	43	51	57
2018-02-04 19:00:00	43	51	57
2018-02-04 19:00:00	43	51	57
2018-02-04 19:00:00	43	51	57
2018-02-04 19:30:00	43	50	57
2018-02-04 19:30:00	43	50	57
2018-02-04 19:30:00	43	50	57
2018-02-04 20:00:00	43	50	57
2018-02-04 20:00:00	43	50	57
2018-02-04 20:00:00	43	50	57
2018-02-04 20:30:00	43	50	57
2018-02-04 20:30:00	43	50	57
2018-02-04 20:30:00	43	50	57
2018-02-04 21:00:00	43	50	57
2018-02-04 21:00:00	43	50	57
2018-02-04 21:00:00	43	50	57
2018-02-04 21:30:00	43	51	57
2018-02-04 21:30:00	43	51	57
2018-02-04 21:30:00	43	51	57
2018-02-04 22:00:00	42	51	57
2018-02-04 22:00:00	42	51	57
2018-02-04 22:00:00	42	51	57
2018-02-04 22:30:00	42	51	57
2018-02-04 22:30:00	42	51	57
2018-02-04 22:30:00	42	51	57
2018-02-04 23:00:00	42	51	57
2018-02-04 23:00:00	42	51	57
2018-02-04 23:00:00	42	51	57
2018-02-04 23:30:00	42	51	57
2018-02-04 23:30:00	42	51	57
2018-02-04 23:30:00	42	51	57
2018-02-05 00:00:00	42	51	57
2018-02-05 00:00:00	42	51	57
2018-02-05 00:00:00	42	51	57
2018-02-05 00:30:00	42	51	57
2018-02-05 00:30:00	42	51	57
2018-02-05 00:30:00	42	51	57
2018-02-05 01:00:00	42	51	57
2018-02-05 01:00:00	42	51	57
2018-02-05 01:00:00	42	51	57
2018-02-05 01:30:00	42	51	57
2018-02-05 01:30:00	42	51	57
2018-02-05 01:30:00	42	51	57
2018-02-05 02:00:00	42	51	57
2018-02-05 02:00:00	42	51	57
2018-02-05 02:00:00	42	51	57
2018-02-05 02:30:00	42	51	57
2018-02-05 02:30:00	42	51	57
2018-02-05 02:30:00	42	51	57
2018-02-05 03:00:00	42	51	57
2018-02-05 03:00:00	42	51	57
2018-02-05 03:00:00	42	51	57
2018-02-05 03:30:00	42	51	57
2018-02-05 03:30:00	42	51	57
2018-02-05 03:30:00	42	51	57
2018-02-05 04:00:00	42	51	57
2018-02-05 04:00:00	42	51	57
2018-02-05 04:00:00	42	51	57
2018-02-05 04:30:00	42	51	57
2018-02-05 04:30:00	42	51	57
2018-02-05 04:30:00	42	51	57
2018-02-05 05:00:00	42	51	57
2018-02-05 05:00:00	42	51	57
2018-02-05 05:00:00	42	51	57
2018-02-05 05:30:00	42	51	57
2018-02-05 05:30:00	42	51	57
2018-02-05 05:30:00	42	51	57
2018-02-05 06:00:00	42	51	57
2018-02-05 06:00:00	42	51	57
2018-02-05 06:00:00	42	51	57
2018-02-05 06:30:00	42	51	57
2018-02-05 06:30:00	42	51	57
2018-02-05 06:30:00	42	51	57
2018-02-05 07:00:00	42	51	57
2018-02-05 07:00:00	42	51	57
2018-02-05 07:00:00	42	51	57
2018-02-05 07:30:00	42	51	57
2018-02-05 07:30:00	42	51	57
2018-02-05 07:30:00	42	51	57
2018-02-05 09:30:00	42	51	57
2018-02-05 09:30:00	42	51	57
2018-02-05 09:30:00	42	51	57
2018-02-05 10:00:00	42	51	57
2018-02-05 10:00:00	42	51	57
2018-02-05 10:00:00	42	51	57
2018-02-05 10:30:00	42	51	56
2018-02-05 10:30:00	42	51	56
2018-02-05 10:30:00	42	51	56
2018-02-05 11:00:00	42	50	56
2018-02-05 11:00:00	42	50	56
2018-02-05 11:00:00	42	50	56
2018-02-05 11:30:00	42	51	55
2018-02-05 11:30:00	42	51	55
2018-02-05 11:30:00	42	51	55
2018-02-05 12:00:00	42	50	54
2018-02-05 12:00:00	42	50	54
2018-02-05 12:00:00	42	50	54
2018-02-05 14:30:00	41	47	55
2018-02-05 14:30:00	41	47	55
2018-02-05 14:30:00	41	47	55
2018-02-05 15:00:00	41	46	55
2018-02-05 15:00:00	41	46	55
2018-02-05 15:00:00	41	46	55
2018-02-05 15:30:00	40	46	53
2018-02-05 15:30:00	40	46	53
2018-02-05 15:30:00	40	46	53
2018-02-05 16:00:00	40	46	53
2018-02-05 16:00:00	40	46	53
2018-02-05 16:00:00	40	46	53
2018-02-05 16:30:00	40	46	53
2018-02-05 16:30:00	40	46	53
2018-02-05 16:30:00	40	46	53
2018-02-05 17:00:00	40	46	52
2018-02-05 17:00:00	40	46	52
2018-02-05 17:00:00	40	46	52
2018-02-05 17:30:00	40	46	52
2018-02-05 17:30:00	40	46	52
2018-02-05 17:30:00	40	46	52
2018-02-05 18:00:00	40	46	52
2018-02-05 18:00:00	40	46	52
2018-02-05 18:00:00	40	46	52
2018-02-05 18:30:00	40	46	52
2018-02-05 18:30:00	40	46	52
2018-02-05 18:30:00	40	46	52
2018-02-05 19:00:00	41	46	52
2018-02-05 19:00:00	41	46	52
2018-02-05 19:00:00	41	46	52
2018-02-05 19:30:00	41	46	52
2018-02-05 19:30:00	41	46	52
2018-02-05 19:30:00	41	46	52
2018-02-05 20:00:00	41	46	52
2018-02-05 20:00:00	41	46	52
2018-02-05 20:00:00	41	46	52
2018-02-05 20:30:00	41	46	52
2018-02-05 20:30:00	41	46	52
2018-02-05 20:30:00	41	46	52
2018-02-05 21:00:00	41	47	52
2018-02-05 21:00:00	41	47	52
2018-02-05 21:00:00	41	47	52
2018-02-05 21:30:00	41	47	53
2018-02-05 21:30:00	41	47	53
2018-02-05 21:30:00	41	47	53
2018-02-05 22:00:00	41	47	53
2018-02-05 22:00:00	41	47	53
2018-02-05 22:00:00	41	47	53
2018-02-05 22:30:00	41	47	53
2018-02-05 22:30:00	41	47	53
2018-02-05 22:30:00	41	47	53
2018-02-05 23:00:00	41	47	53
2018-02-05 23:00:00	41	47	53
2018-02-05 23:00:00	41	47	53
2018-02-05 23:30:00	41	47	53
2018-02-05 23:30:00	41	47	53
2018-02-05 23:30:00	41	47	53
2018-02-06 00:00:00	41	47	53
2018-02-06 00:00:00	41	47	53
2018-02-06 00:00:00	41	47	53
2018-02-06 00:30:00	41	46	53
2018-02-06 00:30:00	41	46	53
2018-02-06 00:30:00	41	46	53
2018-02-06 01:00:00	41	46	53
2018-02-06 01:00:00	41	46	53
2018-02-06 01:00:00	41	46	53
2018-02-06 01:30:00	41	46	53
2018-02-06 01:30:00	41	46	53
2018-02-06 01:30:00	41	46	53
2018-02-06 02:00:00	41	46	53
2018-02-06 02:00:00	41	46	53
2018-02-06 02:00:00	41	46	53
2018-02-06 02:30:00	41	46	53
2018-02-06 02:30:00	41	46	53
2018-02-06 02:30:00	41	46	53
2018-02-06 03:00:00	41	46	53
2018-02-06 03:00:00	41	46	53
2018-02-06 03:00:00	41	46	53
2018-02-06 03:30:00	41	46	53
2018-02-06 03:30:00	41	46	53
2018-02-06 03:30:00	41	46	53
2018-02-06 04:00:00	41	46	53
2018-02-06 04:00:00	41	46	53
2018-02-06 04:00:00	41	46	53
2018-02-06 04:30:00	41	46	53
2018-02-06 04:30:00	41	46	53
2018-02-06 04:30:00	41	46	53
2018-02-06 05:00:00	41	46	53
2018-02-06 05:00:00	41	46	53
2018-02-06 05:00:00	41	46	53
2018-02-06 05:30:00	41	46	53
2018-02-06 05:30:00	41	46	53
2018-02-06 05:30:00	41	46	53
2018-02-06 06:00:00	41	46	53
2018-02-06 06:00:00	41	46	53
2018-02-06 06:00:00	41	46	53
2018-02-06 06:30:00	41	46	53
2018-02-06 06:30:00	41	46	53
2018-02-06 06:30:00	41	46	53
2018-02-06 07:00:00	41	46	53
2018-02-06 07:00:00	41	46	53
2018-02-06 07:00:00	41	46	53
2018-02-06 07:30:00	41	46	53
2018-02-06 07:30:00	41	46	53
2018-02-06 07:30:00	41	46	53
2018-02-06 09:30:00	41	46	53
2018-02-06 09:30:00	41	46	53
2018-02-06 09:30:00	41	46	53
2018-02-06 10:00:00	41	46	53
2018-02-06 10:00:00	41	46	53
2018-02-06 10:00:00	41	46	53
2018-02-06 10:30:00	40	46	53
2018-02-06 10:30:00	40	46	53
2018-02-06 10:30:00	40	46	53
2018-02-06 11:00:00	40	45	53
2018-02-06 11:00:00	40	45	53
2018-02-06 11:00:00	40	45	53
2018-02-06 11:30:00	39	45	53
2018-02-06 11:30:00	39	45	53
2018-02-06 11:30:00	39	45	53
2018-02-06 12:00:00	39	45	53
2018-02-06 12:00:00	39	45	53
2018-02-06 12:00:00	39	45	53
2018-02-06 12:30:00	38	45	52
2018-02-06 12:30:00	38	45	52
2018-02-06 12:30:00	38	45	52
2018-02-06 13:00:00	38	45	52
2018-02-06 13:00:00	38	45	52
2018-02-06 13:00:00	38	45	52
2018-02-06 13:30:00	38	45	52
2018-02-06 13:30:00	38	45	52
2018-02-06 13:30:00	38	45	52
2018-02-06 14:00:00	38	45	52
2018-02-06 14:00:00	38	45	52
2018-02-06 14:00:00	38	45	52
2018-02-06 14:30:00	38	45	52
2018-02-06 14:30:00	38	45	52
2018-02-06 14:30:00	38	45	52
2018-02-06 15:00:00	38	45	52
2018-02-06 15:00:00	38	45	52
2018-02-06 15:00:00	38	45	52
2018-02-06 15:30:00	38	45	52
2018-02-06 15:30:00	38	45	52
2018-02-06 15:30:00	38	45	52
2018-02-06 16:00:00	38	45	52
2018-02-06 16:00:00	38	45	52
2018-02-06 16:00:00	38	45	52
2018-02-06 16:30:00	38	45	52
2018-02-06 16:30:00	38	45	52
2018-02-06 16:30:00	38	45	52
2018-02-06 17:00:00	38	45	52
2018-02-06 17:00:00	38	45	52
2018-02-06 17:00:00	38	45	52
2018-02-06 17:30:00	38	45	52
2018-02-06 17:30:00	38	45	52
2018-02-06 17:30:00	38	45	52
2018-02-06 18:00:00	38	45	52
2018-02-06 18:00:00	38	45	52
2018-02-06 18:00:00	38	45	52
2018-02-06 18:30:00	38	45	52
2018-02-06 18:30:00	38	45	52
2018-02-06 18:30:00	38	45	52
2018-02-06 19:00:00	38	44	52
2018-02-06 19:00:00	38	44	52
2018-02-06 19:00:00	38	44	52
2018-02-06 19:30:00	38	44	52
2018-02-06 19:30:00	38	44	52
2018-02-06 19:30:00	38	44	52
2018-02-06 20:00:00	38	44	52
2018-02-06 20:00:00	38	44	52
2018-02-06 20:00:00	38	44	52
2018-02-06 20:30:00	38	44	51
2018-02-06 20:30:00	38	44	51
2018-02-06 20:30:00	38	44	51
2018-02-06 21:00:00	37	44	50
2018-02-06 21:00:00	37	44	50
2018-02-06 21:00:00	37	44	50
2018-02-06 21:30:00	37	44	50
2018-02-06 21:30:00	37	44	50
2018-02-06 21:30:00	37	44	50
2018-02-06 22:00:00	37	44	50
2018-02-06 22:00:00	37	44	50
2018-02-06 22:00:00	37	44	50
2018-02-06 22:30:00	37	44	50
2018-02-06 22:30:00	37	44	50
2018-02-06 22:30:00	37	44	50
2018-02-06 23:00:00	37	44	50
2018-02-06 23:00:00	37	44	50
2018-02-06 23:00:00	37	44	50
2018-02-06 23:30:00	37	44	50
2018-02-06 23:30:00	37	44	50
2018-02-06 23:30:00	37	44	50
2018-02-07 00:00:00	37	44	50
2018-02-07 00:00:00	37	44	50
2018-02-07 00:00:00	37	44	50
2018-02-07 00:30:00	37	44	50
2018-02-07 00:30:00	37	44	50
2018-02-07 00:30:00	37	44	50
2018-02-07 01:00:00	37	44	50
2018-02-07 01:00:00	37	44	50
2018-02-07 01:00:00	37	44	50
2018-02-07 01:30:00	36	44	50
2018-02-07 01:30:00	36	44	50
2018-02-07 01:30:00	36	44	50
2018-02-07 02:00:00	35	44	50
2018-02-07 02:00:00	35	44	50
2018-02-07 02:00:00	35	44	50
2018-02-07 02:30:00	35	44	50
2018-02-07 02:30:00	35	44	50
2018-02-07 02:30:00	35	44	50
2018-02-07 03:00:00	35	44	50
2018-02-07 03:00:00	35	44	50
2018-02-07 03:00:00	35	44	50
2018-02-07 03:30:00	35	44	50
2018-02-07 03:30:00	35	44	50
2018-02-07 03:30:00	35	44	50
2018-02-07 04:00:00	35	44	50
2018-02-07 04:00:00	35	44	50
2018-02-07 04:00:00	35	44	50
2018-02-07 04:30:00	35	44	50
2018-02-07 04:30:00	35	44	50
2018-02-07 04:30:00	35	44	50
2018-02-07 05:00:00	35	44	50
2018-02-07 05:00:00	35	44	50
2018-02-07 05:00:00	35	44	50
2018-02-07 05:30:00	35	44	50
2018-02-07 05:30:00	35	44	50
2018-02-07 05:30:00	35	44	50
2018-02-07 06:00:00	35	44	50
2018-02-07 06:00:00	35	44	50
2018-02-07 06:00:00	35	44	50
2018-02-07 06:30:00	35	44	50
2018-02-07 06:30:00	35	44	50
2018-02-07 06:30:00	35	44	50
2018-02-07 07:00:00	35	44	50
2018-02-07 07:00:00	35	44	50
2018-02-07 07:00:00	35	44	50
2018-02-07 07:30:00	35	44	50
2018-02-07 07:30:00	35	44	50
2018-02-07 07:30:00	35	44	50
2018-02-07 09:30:00	35	44	50
2018-02-07 09:30:00	35	44	50
2018-02-07 09:30:00	35	44	50
2018-02-07 10:00:00	35	44	50
2018-02-07 10:00:00	35	44	50
2018-02-07 10:00:00	35	44	50
2018-02-07 10:30:00	35	44	50
2018-02-07 10:30:00	35	44	50
2018-02-07 10:30:00	35	44	50
2018-02-07 11:00:00	35	44	50
2018-02-07 11:00:00	35	44	50
2018-02-07 11:00:00	35	44	50
2018-02-07 11:30:00	35	44	50
2018-02-07 11:30:00	35	44	50
2018-02-07 11:30:00	35	44	50
2018-02-07 12:00:00	35	44	49
2018-02-07 12:00:00	35	44	49
2018-02-07 12:00:00	35	44	49
2018-02-07 12:30:00	35	44	48
2018-02-07 12:30:00	35	44	48
2018-02-07 12:30:00	35	44	48
2018-02-07 13:00:00	35	44	48
2018-02-07 13:00:00	35	44	48
2018-02-07 13:00:00	35	44	48
2018-02-07 13:30:00	35	44	48
2018-02-07 13:30:00	35	44	48
2018-02-07 13:30:00	35	44	48
2018-02-07 14:00:00	35	44	48
2018-02-07 14:00:00	35	44	48
2018-02-07 14:00:00	35	44	48
2018-02-07 14:30:00	35	44	48
2018-02-07 14:30:00	35	44	48
2018-02-07 14:30:00	35	44	48
2018-02-07 15:00:00	35	44	48
2018-02-07 15:00:00	35	44	48
2018-02-07 15:00:00	35	44	48
2018-02-07 15:30:00	35	44	48
2018-02-07 15:30:00	35	44	48
2018-02-07 15:30:00	35	44	48
2018-02-07 16:00:00	33	44	49
2018-02-07 16:00:00	33	44	49
2018-02-07 16:00:00	33	44	49
2018-02-07 16:30:00	33	44	49
2018-02-07 16:30:00	33	44	49
2018-02-07 16:30:00	33	44	49
2018-02-07 17:00:00	33	44	49
2018-02-07 17:00:00	33	44	49
2018-02-07 17:00:00	33	44	49
2018-02-07 17:30:00	33	43	49
2018-02-07 17:30:00	33	43	49
2018-02-07 17:30:00	33	43	49
2018-02-07 18:00:00	33	43	49
2018-02-07 18:00:00	33	43	49
2018-02-07 18:00:00	33	43	49
2018-02-07 18:30:00	33	43	49
2018-02-07 18:30:00	33	43	49
2018-02-07 18:30:00	33	43	49
2018-02-07 21:30:00	33	43	49
2018-02-07 21:30:00	33	43	49
2018-02-07 21:30:00	33	43	49
2018-02-07 22:00:00	33	42	50
2018-02-07 22:00:00	33	42	50
2018-02-07 22:00:00	33	42	50
2018-02-07 22:30:00	33	42	50
2018-02-07 22:30:00	33	42	50
2018-02-07 22:30:00	33	42	50
2018-02-07 23:00:00	33	42	50
2018-02-07 23:00:00	33	42	50
2018-02-07 23:00:00	33	42	50
2018-02-07 23:30:00	33	42	50
2018-02-07 23:30:00	33	42	50
2018-02-07 23:30:00	33	42	50
2018-02-08 00:00:00	33	41	50
2018-02-08 00:00:00	33	41	50
2018-02-08 00:00:00	33	41	50
2018-02-08 00:30:00	33	41	50
2018-02-08 00:30:00	33	41	50
2018-02-08 00:30:00	33	41	50
2018-02-08 01:00:00	33	41	50
2018-02-08 01:00:00	33	41	50
2018-02-08 01:00:00	33	41	50
2018-02-08 01:30:00	32	41	50
2018-02-08 01:30:00	32	41	50
2018-02-08 01:30:00	32	41	50
2018-02-08 02:00:00	32	41	50
2018-02-08 02:00:00	32	41	50
2018-02-08 02:00:00	32	41	50
2018-02-08 02:30:00	32	41	50
2018-02-08 02:30:00	32	41	50
2018-02-08 02:30:00	32	41	50
2018-02-08 03:00:00	32	41	50
2018-02-08 03:00:00	32	41	50
2018-02-08 03:00:00	32	41	50
2018-02-08 03:30:00	32	41	50
2018-02-08 03:30:00	32	41	50
2018-02-08 03:30:00	32	41	50
2018-02-08 04:00:00	32	41	50
2018-02-08 04:00:00	32	41	50
2018-02-08 04:00:00	32	41	50
2018-02-08 04:30:00	32	41	50
2018-02-08 04:30:00	32	41	50
2018-02-08 04:30:00	32	41	50
2018-02-08 05:00:00	32	41	50
2018-02-08 05:00:00	32	41	50
2018-02-08 05:00:00	32	41	50
2018-02-08 05:30:00	32	41	50
2018-02-08 05:30:00	32	41	50
2018-02-08 05:30:00	32	41	50
2018-02-08 06:00:00	32	41	50
2018-02-08 06:00:00	32	41	50
2018-02-08 06:00:00	32	41	50
2018-02-08 06:30:00	32	41	50
2018-02-08 06:30:00	32	41	50
2018-02-08 06:30:00	32	41	50
2018-02-08 07:00:00	32	41	50
2018-02-08 07:00:00	32	41	50
2018-02-08 07:00:00	32	41	50
2018-02-08 07:30:00	32	41	50
2018-02-08 07:30:00	32	41	50
2018-02-08 07:30:00	32	41	50
2018-02-08 09:30:00	32	41	50
2018-02-08 09:30:00	32	41	50
2018-02-08 09:30:00	32	41	50
2018-02-08 10:00:00	32	40	51
2018-02-08 10:00:00	32	40	51
2018-02-08 10:00:00	32	40	51
2018-02-08 10:30:00	31	40	51
2018-02-08 10:30:00	31	40	51
2018-02-08 10:30:00	31	40	51
2018-02-08 11:00:00	31	40	51
2018-02-08 11:00:00	31	40	51
2018-02-08 11:00:00	31	40	51
2018-02-08 11:30:00	31	40	51
2018-02-08 11:30:00	31	40	51
2018-02-08 11:30:00	31	40	51
2018-02-08 12:00:00	31	40	51
2018-02-08 12:00:00	31	40	51
2018-02-08 12:00:00	31	40	51
2018-02-08 12:30:00	31	39	51
2018-02-08 12:30:00	31	39	51
2018-02-08 12:30:00	31	39	51
2018-02-08 13:00:00	31	39	51
2018-02-08 13:00:00	31	39	51
2018-02-08 13:00:00	31	39	51
2018-02-08 13:30:00	31	39	51
2018-02-08 13:30:00	31	39	51
2018-02-08 13:30:00	31	39	51
2018-02-08 14:00:00	31	39	51
2018-02-08 14:00:00	31	39	51
2018-02-08 14:00:00	31	39	51
2018-02-08 14:30:00	31	39	51
2018-02-08 14:30:00	31	39	51
2018-02-08 14:30:00	31	39	51
2018-02-08 15:00:00	31	39	51
2018-02-08 15:00:00	31	39	51
2018-02-08 15:00:00	31	39	51
2018-02-08 15:30:00	31	39	50
2018-02-08 15:30:00	31	39	50
2018-02-08 15:30:00	31	39	50
2018-02-08 16:00:00	32	39	50
2018-02-08 16:00:00	32	39	50
2018-02-08 16:00:00	32	39	50
2018-02-08 16:30:00	32	38	49
2018-02-08 16:30:00	32	38	49
2018-02-08 16:30:00	32	38	49
2018-02-08 17:00:00	32	38	49
2018-02-08 17:00:00	32	38	49
2018-02-08 17:00:00	32	38	49
2018-02-08 17:30:00	32	38	49
2018-02-08 17:30:00	32	38	49
2018-02-08 17:30:00	32	38	49
2018-02-08 18:00:00	32	38	49
2018-02-08 18:00:00	32	38	49
2018-02-08 18:00:00	32	38	49
2018-02-08 18:30:00	32	38	49
2018-02-08 18:30:00	32	38	49
2018-02-08 18:30:00	32	38	49
2018-02-08 19:00:00	32	38	49
2018-02-08 19:00:00	32	38	49
2018-02-08 19:00:00	32	38	49
2018-02-08 19:30:00	32	38	49
2018-02-08 19:30:00	32	38	49
2018-02-08 19:30:00	32	38	49
2018-02-08 20:00:00	32	37	49
2018-02-08 20:00:00	32	37	49
2018-02-08 20:00:00	32	37	49
2018-02-08 20:30:00	32	37	49
2018-02-08 20:30:00	32	37	49
2018-02-08 20:30:00	32	37	49
2018-02-08 21:00:00	32	37	49
2018-02-08 21:00:00	32	37	49
2018-02-08 21:00:00	32	37	49
2018-02-08 21:30:00	33	37	49
2018-02-08 21:30:00	33	37	49
2018-02-08 21:30:00	33	37	49
2018-02-08 22:00:00	33	37	49
2018-02-08 22:00:00	33	37	49
2018-02-08 22:00:00	33	37	49
2018-02-08 22:30:00	32	37	49
2018-02-08 22:30:00	32	37	49
2018-02-08 22:30:00	32	37	49
2018-02-08 23:00:00	31	37	49
2018-02-08 23:00:00	31	37	49
2018-02-08 23:00:00	31	37	49
2018-02-08 23:30:00	31	37	49
2018-02-08 23:30:00	31	37	49
2018-02-08 23:30:00	31	37	49
2018-02-09 00:00:00	31	37	49
2018-02-09 00:00:00	31	37	49
2018-02-09 00:00:00	31	37	49
2018-02-09 00:30:00	31	37	49
2018-02-09 00:30:00	31	37	49
2018-02-09 00:30:00	31	37	49
2018-02-09 01:00:00	31	37	49
2018-02-09 01:00:00	31	37	49
2018-02-09 01:00:00	31	37	49
2018-02-09 01:30:00	31	37	49
2018-02-09 01:30:00	31	37	49
2018-02-09 01:30:00	31	37	49
2018-02-09 02:00:00	31	37	49
2018-02-09 02:00:00	31	37	49
2018-02-09 02:00:00	31	37	49
2018-02-09 02:30:00	31	37	49
2018-02-09 02:30:00	31	37	49
2018-02-09 02:30:00	31	37	49
2018-02-09 03:00:00	31	37	49
2018-02-09 03:00:00	31	37	49
2018-02-09 03:00:00	31	37	49
2018-02-09 03:30:00	31	37	49
2018-02-09 03:30:00	31	37	49
2018-02-09 03:30:00	31	37	49
2018-02-09 04:00:00	31	37	49
2018-02-09 04:00:00	31	37	49
2018-02-09 04:00:00	31	37	49
2018-02-09 04:30:00	31	37	49
2018-02-09 04:30:00	31	37	49
2018-02-09 04:30:00	31	37	49
2018-02-09 05:00:00	31	37	49
2018-02-09 05:00:00	31	37	49
2018-02-09 05:00:00	31	37	49
2018-02-09 05:30:00	31	37	49
2018-02-09 05:30:00	31	37	49
2018-02-09 05:30:00	31	37	49
2018-02-09 06:00:00	31	37	49
2018-02-09 06:00:00	31	37	49
2018-02-09 06:00:00	31	37	49
2018-02-09 06:30:00	31	37	49
2018-02-09 06:30:00	31	37	49
2018-02-09 06:30:00	31	37	49
2018-02-09 07:00:00	31	37	49
2018-02-09 07:00:00	31	37	49
2018-02-09 07:00:00	31	37	49
2018-02-09 07:30:00	31	37	49
2018-02-09 07:30:00	31	37	49
2018-02-09 07:30:00	31	37	49
2018-02-09 09:30:00	31	37	49
2018-02-09 09:30:00	31	37	49
2018-02-09 09:30:00	31	37	49
2018-02-09 10:00:00	31	37	49
2018-02-09 10:00:00	31	37	49
2018-02-09 10:00:00	31	37	49
2018-02-09 10:30:00	31	37	49
2018-02-09 10:30:00	31	37	49
2018-02-09 10:30:00	31	37	49
2018-02-09 11:00:00	31	37	49
2018-02-09 11:00:00	31	37	49
2018-02-09 11:00:00	31	37	49
2018-02-09 11:30:00	31	37	49
2018-02-09 11:30:00	31	37	49
2018-02-09 11:30:00	31	37	49
2018-02-09 12:00:00	30	37	49
2018-02-09 12:00:00	30	37	49
2018-02-09 12:00:00	30	37	49
2018-02-09 12:30:00	30	37	49
2018-02-09 12:30:00	30	37	49
2018-02-09 12:30:00	30	37	49
2018-02-09 13:00:00	30	37	49
2018-02-09 13:00:00	30	37	49
2018-02-09 13:00:00	30	37	49
2018-02-09 13:30:00	30	37	49
2018-02-09 13:30:00	30	37	49
2018-02-09 13:30:00	30	37	49
2018-02-09 14:00:00	29	37	49
2018-02-09 14:00:00	29	37	49
2018-02-09 14:00:00	29	37	49
2018-02-09 14:30:00	29	37	49
2018-02-09 14:30:00	29	37	49
2018-02-09 14:30:00	29	37	49
2018-02-09 15:00:00	29	37	49
2018-02-09 15:00:00	29	37	49
2018-02-09 15:00:00	29	37	49
2018-02-09 15:30:00	29	37	49
2018-02-09 15:30:00	29	37	49
2018-02-09 15:30:00	29	37	49
2018-02-09 16:00:00	29	37	49
2018-02-09 16:00:00	29	37	49
2018-02-09 16:00:00	29	37	49
2018-02-09 16:30:00	29	37	49
2018-02-09 16:30:00	29	37	49
2018-02-09 16:30:00	29	37	49
2018-02-09 17:00:00	29	37	49
2018-02-09 17:00:00	29	37	49
2018-02-09 17:00:00	29	37	49
2018-02-09 17:30:00	29	36	49
2018-02-09 17:30:00	29	36	49
2018-02-09 17:30:00	29	36	49
2018-02-09 18:00:00	29	36	49
2018-02-09 18:00:00	29	36	49
2018-02-09 18:00:00	29	36	49
2018-02-09 18:30:00	29	36	49
2018-02-09 18:30:00	29	36	49
2018-02-09 18:30:00	29	36	49
2018-02-09 19:00:00	29	36	49
2018-02-09 19:00:00	29	36	49
2018-02-09 19:00:00	29	36	49
2018-02-09 19:30:00	28	36	49
2018-02-09 19:30:00	28	36	49
2018-02-09 19:30:00	28	36	49
2018-02-09 20:00:00	28	36	49
2018-02-09 20:00:00	28	36	49
2018-02-09 20:00:00	28	36	49
2018-02-09 20:30:00	28	36	49
2018-02-09 20:30:00	28	36	49
2018-02-09 20:30:00	28	36	49
2018-02-09 21:00:00	28	36	49
2018-02-09 21:00:00	28	36	49
2018-02-09 21:00:00	28	36	49
2018-02-09 21:30:00	28	36	49
2018-02-09 21:30:00	28	36	49
2018-02-09 21:30:00	28	36	49
2018-02-09 22:00:00	28	36	49
2018-02-09 22:00:00	28	36	49
2018-02-09 22:00:00	28	36	49
2018-02-09 22:30:00	28	36	49
2018-02-09 22:30:00	28	36	49
2018-02-09 22:30:00	28	36	49
2018-02-09 23:00:00	28	36	49
2018-02-09 23:00:00	28	36	49
2018-02-09 23:00:00	28	36	49
2018-02-09 23:30:00	28	36	49
2018-02-09 23:30:00	28	36	49
2018-02-09 23:30:00	28	36	49
2018-02-10 00:00:00	28	36	49
2018-02-10 00:00:00	28	36	49
2018-02-10 00:00:00	28	36	49
2018-02-10 00:30:00	27	36	49
2018-02-10 00:30:00	27	36	49
2018-02-10 00:30:00	27	36	49
2018-02-10 01:00:00	27	36	49
2018-02-10 01:00:00	27	36	49
2018-02-10 01:00:00	27	36	49
2018-02-10 01:30:00	27	36	49
2018-02-10 01:30:00	27	36	49
2018-02-10 01:30:00	27	36	49
2018-02-10 02:00:00	27	36	49
2018-02-10 02:00:00	27	36	49
2018-02-10 02:00:00	27	36	49
2018-02-10 02:30:00	27	36	49
2018-02-10 02:30:00	27	36	49
2018-02-10 02:30:00	27	36	49
2018-02-10 03:00:00	27	36	49
2018-02-10 03:00:00	27	36	49
2018-02-10 03:00:00	27	36	49
2018-02-10 03:30:00	27	36	49
2018-02-10 03:30:00	27	36	49
2018-02-10 03:30:00	27	36	49
2018-02-10 04:00:00	27	36	49
2018-02-10 04:00:00	27	36	49
2018-02-10 04:00:00	27	36	49
2018-02-10 04:30:00	27	36	49
2018-02-10 04:30:00	27	36	49
2018-02-10 04:30:00	27	36	49
2018-02-10 05:00:00	27	36	49
2018-02-10 05:00:00	27	36	49
2018-02-10 05:00:00	27	36	49
2018-02-10 05:30:00	27	36	49
2018-02-10 05:30:00	27	36	49
2018-02-10 05:30:00	27	36	49
2018-02-10 06:00:00	27	36	49
2018-02-10 06:00:00	27	36	49
2018-02-10 06:00:00	27	36	49
2018-02-10 06:30:00	27	36	49
2018-02-10 06:30:00	27	36	49
2018-02-10 06:30:00	27	36	49
2018-02-10 07:00:00	27	36	49
2018-02-10 07:00:00	27	36	49
2018-02-10 07:00:00	27	36	49
2018-02-10 07:30:00	27	36	49
2018-02-10 07:30:00	27	36	49
2018-02-10 07:30:00	27	36	49
2018-02-10 09:30:00	27	36	49
2018-02-10 09:30:00	27	36	49
2018-02-10 09:30:00	27	36	49
2018-02-10 10:00:00	27	36	49
2018-02-10 10:00:00	27	36	49
2018-02-10 10:00:00	27	36	49
2018-02-10 10:30:00	27	36	49
2018-02-10 10:30:00	27	36	49
2018-02-10 10:30:00	27	36	49
2018-02-10 11:00:00	27	36	49
2018-02-10 11:00:00	27	36	49
2018-02-10 11:00:00	27	36	49
2018-02-10 11:30:00	27	36	49
2018-02-10 11:30:00	27	36	49
2018-02-10 11:30:00	27	36	49
2018-02-10 12:00:00	27	36	49
2018-02-10 12:00:00	27	36	49
2018-02-10 12:00:00	27	36	49
2018-02-10 12:30:00	27	36	49
2018-02-10 12:30:00	27	36	49
2018-02-10 12:30:00	27	36	49
2018-02-10 13:00:00	27	36	49
2018-02-10 13:00:00	27	36	49
2018-02-10 13:00:00	27	36	49
2018-02-10 18:00:00	27	33	49
2018-02-10 18:00:00	27	33	49
2018-02-10 18:00:00	27	33	49
2018-02-10 18:30:00	27	33	49
2018-02-10 18:30:00	27	33	49
2018-02-10 18:30:00	27	33	49
2018-02-10 19:00:00	27	33	49
2018-02-10 19:00:00	27	33	49
2018-02-10 19:00:00	27	33	49
2018-02-10 19:30:00	27	33	49
2018-02-10 19:30:00	27	33	49
2018-02-10 19:30:00	27	33	49
2018-02-10 20:00:00	27	33	49
2018-02-10 20:00:00	27	33	49
2018-02-10 20:00:00	27	33	49
2018-02-10 20:30:00	27	33	49
2018-02-10 20:30:00	27	33	49
2018-02-10 20:30:00	27	33	49
2018-02-10 21:00:00	27	33	49
2018-02-10 21:00:00	27	33	49
2018-02-10 21:00:00	27	33	49
2018-02-10 21:30:00	27	33	49
2018-02-10 21:30:00	27	33	49
2018-02-10 21:30:00	27	33	49
2018-02-10 22:00:00	27	33	49
2018-02-10 22:00:00	27	33	49
2018-02-10 22:00:00	27	33	49
2018-02-10 22:30:00	27	33	49
2018-02-10 22:30:00	27	33	49
2018-02-10 22:30:00	27	33	49
2018-02-10 23:00:00	27	33	49
2018-02-10 23:00:00	27	33	49
2018-02-10 23:00:00	27	33	49
2018-02-10 23:30:00	27	33	49
2018-02-10 23:30:00	27	33	49
2018-02-10 23:30:00	27	33	49
2018-02-11 00:00:00	27	33	49
2018-02-11 00:00:00	27	33	49
2018-02-11 00:00:00	27	33	49
2018-02-11 00:30:00	27	33	49
2018-02-11 00:30:00	27	33	49
2018-02-11 00:30:00	27	33	49
2018-02-11 01:00:00	26	33	49
2018-02-11 01:00:00	26	33	49
2018-02-11 01:00:00	26	33	49
2018-02-11 01:30:00	26	33	49
2018-02-11 01:30:00	26	33	49
2018-02-11 01:30:00	26	33	49
2018-02-11 02:00:00	26	33	49
2018-02-11 02:00:00	26	33	49
2018-02-11 02:00:00	26	33	49
2018-02-11 02:30:00	26	33	49
2018-02-11 02:30:00	26	33	49
2018-02-11 02:30:00	26	33	49
2018-02-11 03:00:00	26	33	49
2018-02-11 03:00:00	26	33	49
2018-02-11 03:00:00	26	33	49
2018-02-11 03:30:00	26	33	49
2018-02-11 03:30:00	26	33	49
2018-02-11 03:30:00	26	33	49
2018-02-11 04:00:00	26	33	49
2018-02-11 04:00:00	26	33	49
2018-02-11 04:00:00	26	33	49
2018-02-11 04:30:00	26	33	49
2018-02-11 04:30:00	26	33	49
2018-02-11 04:30:00	26	33	49
2018-02-11 05:00:00	26	33	49
2018-02-11 05:00:00	26	33	49
2018-02-11 05:00:00	26	33	49
2018-02-11 05:30:00	26	33	49
2018-02-11 05:30:00	26	33	49
2018-02-11 05:30:00	26	33	49
2018-02-11 06:00:00	26	33	49
2018-02-11 06:00:00	26	33	49
2018-02-11 06:00:00	26	33	49
2018-02-11 06:30:00	26	33	49
2018-02-11 06:30:00	26	33	49
2018-02-11 06:30:00	26	33	49
2018-02-11 07:00:00	26	33	49
2018-02-11 07:00:00	26	33	49
2018-02-11 07:00:00	26	33	49
2018-02-11 07:30:00	26	33	49
2018-02-11 07:30:00	26	33	49
2018-02-11 07:30:00	26	33	49
2018-02-11 09:30:00	26	33	49
2018-02-11 09:30:00	26	33	49
2018-02-11 09:30:00	26	33	49
2018-02-11 10:00:00	26	33	49
2018-02-11 10:00:00	26	33	49
2018-02-11 10:00:00	26	33	49
2018-02-11 10:30:00	26	33	49
2018-02-11 10:30:00	26	33	49
2018-02-11 10:30:00	26	33	49
2018-02-11 11:00:00	26	33	49
2018-02-11 11:00:00	26	33	49
2018-02-11 11:00:00	26	33	49
2018-02-11 11:30:00	26	33	49
2018-02-11 11:30:00	26	33	49
2018-02-11 11:30:00	26	33	49
2018-02-11 12:00:00	26	33	49
2018-02-11 12:00:00	26	33	49
2018-02-11 12:00:00	26	33	49
2018-02-11 12:30:00	26	33	49
2018-02-11 12:30:00	26	33	49
2018-02-11 12:30:00	26	33	49
2018-02-11 13:00:00	26	33	49
2018-02-11 13:00:00	26	33	49
2018-02-11 13:00:00	26	33	49
2018-02-11 13:30:00	26	33	49
2018-02-11 13:30:00	26	33	49
2018-02-11 13:30:00	26	33	49
2018-02-11 14:00:00	25	33	49
2018-02-11 14:00:00	25	33	49
2018-02-11 14:00:00	25	33	49
2018-02-11 14:30:00	25	33	49
2018-02-11 14:30:00	25	33	49
2018-02-11 14:30:00	25	33	49
2018-02-11 15:00:00	25	33	49
2018-02-11 15:00:00	25	33	49
2018-02-11 15:00:00	25	33	49
2018-02-11 15:30:00	25	33	49
2018-02-11 15:30:00	25	33	49
2018-02-11 15:30:00	25	33	49
2018-02-11 16:00:00	25	32	49
2018-02-11 16:00:00	25	32	49
2018-02-11 16:00:00	25	32	49
2018-02-11 16:30:00	25	32	49
2018-02-11 16:30:00	25	32	49
2018-02-11 16:30:00	25	32	49
2018-02-11 17:00:00	25	32	49
2018-02-11 17:00:00	25	32	49
2018-02-11 17:00:00	25	32	49
2018-02-11 17:30:00	25	32	49
2018-02-11 17:30:00	25	32	49
2018-02-11 17:30:00	25	32	49
2018-02-11 18:00:00	25	32	49
2018-02-11 18:00:00	25	32	49
2018-02-11 18:00:00	25	32	49
2018-02-11 18:30:00	25	32	49
2018-02-11 18:30:00	25	32	49
2018-02-11 18:30:00	25	32	49
2018-02-11 19:00:00	25	32	49
2018-02-11 19:00:00	25	32	49
2018-02-11 19:00:00	25	32	49
2018-02-11 22:00:00	25	32	48
2018-02-11 22:00:00	25	32	48
2018-02-11 22:00:00	25	32	48
2018-02-11 22:30:00	25	32	48
2018-02-11 22:30:00	25	32	48
2018-02-11 22:30:00	25	32	48
2018-02-11 23:00:00	25	32	48
2018-02-11 23:00:00	25	32	48
2018-02-11 23:00:00	25	32	48
2018-02-11 23:30:00	25	32	48
2018-02-11 23:30:00	25	32	48
2018-02-11 23:30:00	25	32	48
2018-02-12 00:00:00	25	32	48
2018-02-12 00:00:00	25	32	48
2018-02-12 00:00:00	25	32	48
2018-02-12 00:30:00	25	32	48
2018-02-12 00:30:00	25	32	48
2018-02-12 00:30:00	25	32	48
2018-02-12 01:00:00	25	32	48
2018-02-12 01:00:00	25	32	48
2018-02-12 01:00:00	25	32	48
2018-02-12 01:30:00	25	32	48
2018-02-12 01:30:00	25	32	48
2018-02-12 01:30:00	25	32	48
2018-02-12 02:00:00	25	31	48
2018-02-12 02:00:00	25	31	48
2018-02-12 02:00:00	25	31	48
2018-02-12 02:30:00	25	31	48
2018-02-12 02:30:00	25	31	48
2018-02-12 02:30:00	25	31	48
2018-02-12 03:00:00	25	31	48
2018-02-12 03:00:00	25	31	48
2018-02-12 03:00:00	25	31	48
2018-02-12 03:30:00	25	31	48
2018-02-12 03:30:00	25	31	48
2018-02-12 03:30:00	25	31	48
2018-02-12 04:00:00	25	31	48
2018-02-12 04:00:00	25	31	48
2018-02-12 04:00:00	25	31	48
2018-02-12 04:30:00	25	31	48
2018-02-12 04:30:00	25	31	48
2018-02-12 04:30:00	25	31	48
2018-02-12 05:00:00	25	31	48
2018-02-12 05:00:00	25	31	48
2018-02-12 05:00:00	25	31	48
2018-02-12 05:30:00	25	31	48
2018-02-12 05:30:00	25	31	48
2018-02-12 05:30:00	25	31	48
2018-02-12 06:00:00	25	31	48
2018-02-12 06:00:00	25	31	48
2018-02-12 06:00:00	25	31	48
2018-02-12 06:30:00	25	31	48
2018-02-12 06:30:00	25	31	48
2018-02-12 06:30:00	25	31	48
2018-02-12 07:00:00	25	31	48
2018-02-12 07:00:00	25	31	48
2018-02-12 07:00:00	25	31	48
2018-02-12 07:30:00	25	31	48
2018-02-12 07:30:00	25	31	48
2018-02-12 07:30:00	25	31	48
2018-02-12 09:30:00	25	31	48
2018-02-12 09:30:00	25	31	48
2018-02-12 09:30:00	25	31	48
2018-02-12 10:00:00	25	31	48
2018-02-12 10:00:00	25	31	48
2018-02-12 10:00:00	25	31	48
2018-02-12 10:30:00	25	31	48
2018-02-12 10:30:00	25	31	48
2018-02-12 10:30:00	25	31	48
2018-02-12 11:00:00	25	31	48
2018-02-12 11:00:00	25	31	48
2018-02-12 11:00:00	25	31	48
2018-02-12 11:30:00	25	31	48
2018-02-12 11:30:00	25	31	48
2018-02-12 11:30:00	25	31	48
2018-02-12 12:00:00	24	31	47
2018-02-12 12:00:00	24	31	47
2018-02-12 12:00:00	24	31	47
2018-02-12 12:30:00	24	31	46
2018-02-12 12:30:00	24	31	46
2018-02-12 12:30:00	24	31	46
2018-02-12 13:00:00	24	31	46
2018-02-12 13:00:00	24	31	46
2018-02-12 13:00:00	24	31	46
2018-02-12 13:30:00	24	30	46
2018-02-12 13:30:00	24	30	46
2018-02-12 13:30:00	24	30	46
2018-02-12 14:00:00	24	30	46
2018-02-12 14:00:00	24	30	46
2018-02-12 14:00:00	24	30	46
2018-02-12 14:30:00	24	30	46
2018-02-12 14:30:00	24	30	46
2018-02-12 14:30:00	24	30	46
2018-02-12 15:00:00	24	30	46
2018-02-12 15:00:00	24	30	46
2018-02-12 15:00:00	24	30	46
2018-02-12 15:30:00	24	30	46
2018-02-12 15:30:00	24	30	46
2018-02-12 15:30:00	24	30	46
2018-02-12 16:00:00	23	29	47
2018-02-12 16:00:00	23	29	47
2018-02-12 16:00:00	23	29	47
2018-02-12 16:30:00	23	29	46
2018-02-12 16:30:00	23	29	46
2018-02-12 16:30:00	23	29	46
2018-02-12 17:00:00	23	29	45
2018-02-12 17:00:00	23	29	45
2018-02-12 17:00:00	23	29	45
2018-02-12 17:30:00	20	26	43
2018-02-12 17:30:00	20	26	43
2018-02-12 17:30:00	20	26	43
2018-02-12 18:00:00	20	26	43
2018-02-12 18:00:00	20	26	43
2018-02-12 18:00:00	20	26	43
2018-02-12 18:30:00	20	26	43
2018-02-12 18:30:00	20	26	43
2018-02-12 18:30:00	20	26	43
2018-02-12 19:00:00	20	26	43
2018-02-12 19:00:00	20	26	43
2018-02-12 19:00:00	20	26	43
2018-02-12 19:30:00	20	26	42
2018-02-12 19:30:00	20	26	42
2018-02-12 19:30:00	20	26	42
2018-02-12 20:00:00	20	26	42
2018-02-12 20:00:00	20	26	42
2018-02-12 20:00:00	20	26	42
2018-02-12 20:30:00	19	26	42
2018-02-12 20:30:00	19	26	42
2018-02-12 20:30:00	19	26	42
2018-02-12 21:00:00	19	26	42
2018-02-12 21:00:00	19	26	42
2018-02-12 21:00:00	19	26	42
2018-02-12 21:30:00	19	26	42
2018-02-12 21:30:00	19	26	42
2018-02-12 21:30:00	19	26	42
2018-02-12 22:00:00	19	26	42
2018-02-12 22:00:00	19	26	42
2018-02-12 22:00:00	19	26	42
2018-02-12 22:30:00	19	26	42
2018-02-12 22:30:00	19	26	42
2018-02-12 22:30:00	19	26	42
2018-02-12 23:00:00	19	26	42
2018-02-12 23:00:00	19	26	42
2018-02-12 23:00:00	19	26	42
2018-02-12 23:30:00	19	26	42
2018-02-12 23:30:00	19	26	42
2018-02-12 23:30:00	19	26	42
2018-02-13 00:00:00	19	26	42
2018-02-13 00:00:00	19	26	42
2018-02-13 00:00:00	19	26	42
2018-02-13 00:30:00	18	25	42
2018-02-13 00:30:00	18	25	42
2018-02-13 00:30:00	18	25	42
2018-02-13 01:00:00	18	25	42
2018-02-13 01:00:00	18	25	42
2018-02-13 01:00:00	18	25	42
2018-02-13 01:30:00	18	25	41
2018-02-13 01:30:00	18	25	41
2018-02-13 01:30:00	18	25	41
2018-02-13 02:00:00	18	25	41
2018-02-13 02:00:00	18	25	41
2018-02-13 02:00:00	18	25	41
2018-02-13 02:30:00	18	25	41
2018-02-13 02:30:00	18	25	41
2018-02-13 02:30:00	18	25	41
2018-02-13 03:00:00	18	25	41
2018-02-13 03:00:00	18	25	41
2018-02-13 03:00:00	18	25	41
2018-02-13 03:30:00	18	25	41
2018-02-13 03:30:00	18	25	41
2018-02-13 03:30:00	18	25	41
2018-02-13 04:00:00	18	25	41
2018-02-13 04:00:00	18	25	41
2018-02-13 04:00:00	18	25	41
2018-02-13 04:30:00	18	25	41
2018-02-13 04:30:00	18	25	41
2018-02-13 04:30:00	18	25	41
2018-02-13 05:00:00	18	25	41
2018-02-13 05:00:00	18	25	41
2018-02-13 05:00:00	18	25	41
2018-02-13 05:30:00	18	25	41
2018-02-13 05:30:00	18	25	41
2018-02-13 05:30:00	18	25	41
2018-02-13 06:00:00	18	25	41
2018-02-13 06:00:00	18	25	41
2018-02-13 06:00:00	18	25	41
2018-02-13 06:30:00	18	25	41
2018-02-13 06:30:00	18	25	41
2018-02-13 06:30:00	18	25	41
2018-02-13 07:00:00	18	25	41
2018-02-13 07:00:00	18	25	41
2018-02-13 07:00:00	18	25	41
2018-02-13 07:30:00	18	25	41
2018-02-13 07:30:00	18	25	41
2018-02-13 07:30:00	18	25	41
2018-02-13 09:30:00	18	25	41
2018-02-13 09:30:00	18	25	41
2018-02-13 09:30:00	18	25	41
2018-02-13 10:00:00	18	26	41
2018-02-13 10:00:00	18	26	41
2018-02-13 10:00:00	18	26	41
2018-02-13 10:30:00	18	25	41
2018-02-13 10:30:00	18	25	41
2018-02-13 10:30:00	18	25	41
2018-02-13 11:00:00	18	25	40
2018-02-13 11:00:00	18	25	40
2018-02-13 11:00:00	18	25	40
2018-02-13 11:30:00	18	25	40
2018-02-13 11:30:00	18	25	40
2018-02-13 11:30:00	18	25	40
2018-02-13 12:00:00	18	25	40
2018-02-13 12:00:00	18	25	40
2018-02-13 12:00:00	18	25	40
2018-02-13 12:30:00	18	25	40
2018-02-13 12:30:00	18	25	40
2018-02-13 12:30:00	18	25	40
2018-02-13 13:00:00	17	25	40
2018-02-13 13:00:00	17	25	40
2018-02-13 13:00:00	17	25	40
2018-02-13 13:30:00	17	25	41
2018-02-13 13:30:00	17	25	41
2018-02-13 13:30:00	17	25	41
2018-02-13 14:00:00	17	25	41
2018-02-13 14:00:00	17	25	41
2018-02-13 14:00:00	17	25	41
2018-02-13 14:30:00	17	25	41
2018-02-13 14:30:00	17	25	41
2018-02-13 14:30:00	17	25	41
2018-02-13 15:00:00	17	25	41
2018-02-13 15:00:00	17	25	41
2018-02-13 15:00:00	17	25	41
2018-02-13 15:30:00	17	25	41
2018-02-13 15:30:00	17	25	41
2018-02-13 15:30:00	17	25	41
2018-02-13 16:00:00	17	25	40
2018-02-13 16:00:00	17	25	40
2018-02-13 16:00:00	17	25	40
2018-02-13 16:30:00	17	25	40
2018-02-13 16:30:00	17	25	40
2018-02-13 16:30:00	17	25	40
2018-02-13 17:00:00	17	24	40
2018-02-13 17:00:00	17	24	40
2018-02-13 17:00:00	17	24	40
2018-02-13 17:30:00	17	24	40
2018-02-13 17:30:00	17	24	40
2018-02-13 17:30:00	17	24	40
2018-02-13 18:00:00	17	24	40
2018-02-13 18:00:00	17	24	40
2018-02-13 18:00:00	17	24	40
2018-02-13 18:30:00	17	24	40
2018-02-13 18:30:00	17	24	40
2018-02-13 18:30:00	17	24	40
2018-02-13 19:00:00	17	24	40
2018-02-13 19:00:00	17	24	40
2018-02-13 19:00:00	17	24	40
2018-02-13 19:30:00	17	24	40
2018-02-13 19:30:00	17	24	40
2018-02-13 19:30:00	17	24	40
2018-02-13 20:00:00	17	24	40
2018-02-13 20:00:00	17	24	40
2018-02-13 20:00:00	17	24	40
2018-02-13 20:30:00	17	24	40
2018-02-13 20:30:00	17	24	40
2018-02-13 20:30:00	17	24	40
2018-02-13 21:00:00	17	23	40
2018-02-13 21:00:00	17	23	40
2018-02-13 21:00:00	17	23	40
2018-02-13 21:30:00	17	23	40
2018-02-13 21:30:00	17	23	40
2018-02-13 21:30:00	17	23	40
2018-02-13 22:00:00	16	23	40
2018-02-13 22:00:00	16	23	40
2018-02-13 22:00:00	16	23	40
2018-02-13 22:30:00	16	23	39
2018-02-13 22:30:00	16	23	39
2018-02-13 22:30:00	16	23	39
2018-02-13 23:00:00	16	23	39
2018-02-13 23:00:00	16	23	39
2018-02-13 23:00:00	16	23	39
2018-02-13 23:30:00	16	23	39
2018-02-13 23:30:00	16	23	39
2018-02-13 23:30:00	16	23	39
2018-02-14 00:00:00	16	23	39
2018-02-14 00:00:00	16	23	39
2018-02-14 00:00:00	16	23	39
2018-02-14 00:30:00	16	23	39
2018-02-14 00:30:00	16	23	39
2018-02-14 00:30:00	16	23	39
2018-02-14 01:00:00	16	23	39
2018-02-14 01:00:00	16	23	39
2018-02-14 01:00:00	16	23	39
2018-02-14 01:30:00	16	23	39
2018-02-14 01:30:00	16	23	39
2018-02-14 01:30:00	16	23	39
2018-02-14 02:00:00	16	23	39
2018-02-14 02:00:00	16	23	39
2018-02-14 02:00:00	16	23	39
2018-02-14 02:30:00	16	23	39
2018-02-14 02:30:00	16	23	39
2018-02-14 02:30:00	16	23	39
2018-02-14 03:00:00	16	23	38
2018-02-14 03:00:00	16	23	38
2018-02-14 03:00:00	16	23	38
2018-02-14 03:30:00	16	23	37
2018-02-14 03:30:00	16	23	37
2018-02-14 03:30:00	16	23	37
2018-02-14 04:00:00	16	23	37
2018-02-14 04:00:00	16	23	37
2018-02-14 04:00:00	16	23	37
2018-02-14 04:30:00	16	23	37
2018-02-14 04:30:00	16	23	37
2018-02-14 04:30:00	16	23	37
2018-02-14 05:00:00	16	23	37
2018-02-14 05:00:00	16	23	37
2018-02-14 05:00:00	16	23	37
2018-02-14 05:30:00	16	23	37
2018-02-14 05:30:00	16	23	37
2018-02-14 05:30:00	16	23	37
2018-02-14 06:00:00	16	23	37
2018-02-14 06:00:00	16	23	37
2018-02-14 06:00:00	16	23	37
2018-02-14 06:30:00	16	23	37
2018-02-14 06:30:00	16	23	37
2018-02-14 06:30:00	16	23	37
2018-02-14 07:00:00	16	23	37
2018-02-14 07:00:00	16	23	37
2018-02-14 07:00:00	16	23	37
2018-02-14 07:30:00	16	23	37
2018-02-14 07:30:00	16	23	37
2018-02-14 07:30:00	16	23	37
2018-02-14 09:30:00	16	23	37
2018-02-14 09:30:00	16	23	37
2018-02-14 09:30:00	16	23	37
2018-02-14 10:00:00	16	23	36
2018-02-14 10:00:00	16	23	36
2018-02-14 10:00:00	16	23	36
2018-02-14 10:30:00	16	23	36
2018-02-14 10:30:00	16	23	36
2018-02-14 10:30:00	16	23	36
2018-02-14 11:00:00	16	23	36
2018-02-14 11:00:00	16	23	36
2018-02-14 11:00:00	16	23	36
2018-02-14 11:30:00	16	23	36
2018-02-14 11:30:00	16	23	36
2018-02-14 11:30:00	16	23	36
2018-02-14 12:00:00	17	23	35
2018-02-14 12:00:00	17	23	35
2018-02-14 12:00:00	17	23	35
2018-02-14 12:30:00	17	23	35
2018-02-14 12:30:00	17	23	35
2018-02-14 12:30:00	17	23	35
2018-02-14 13:00:00	17	23	35
2018-02-14 13:00:00	17	23	35
2018-02-14 13:00:00	17	23	35
2018-02-14 13:30:00	17	23	35
2018-02-14 13:30:00	17	23	35
2018-02-14 13:30:00	17	23	35
2018-02-14 14:00:00	17	23	35
2018-02-14 14:00:00	17	23	35
2018-02-14 14:00:00	17	23	35
2018-02-14 14:30:00	16	23	35
2018-02-14 14:30:00	16	23	35
2018-02-14 14:30:00	16	23	35
2018-02-14 15:00:00	16	23	35
2018-02-14 15:00:00	16	23	35
2018-02-14 15:00:00	16	23	35
2018-02-14 15:30:00	16	23	34
2018-02-14 15:30:00	16	23	34
2018-02-14 15:30:00	16	23	34
2018-02-14 16:00:00	16	23	34
2018-02-14 16:00:00	16	23	34
2018-02-14 16:00:00	16	23	34
2018-02-14 16:30:00	16	23	34
2018-02-14 16:30:00	16	23	34
2018-02-14 16:30:00	16	23	34
2018-02-14 17:00:00	16	22	33
2018-02-14 17:00:00	16	22	33
2018-02-14 17:00:00	16	22	33
2018-02-14 17:30:00	16	22	33
2018-02-14 17:30:00	16	22	33
2018-02-14 17:30:00	16	22	33
2018-02-14 18:00:00	16	22	33
2018-02-14 18:00:00	16	22	33
2018-02-14 18:00:00	16	22	33
2018-02-14 18:30:00	16	22	33
2018-02-14 18:30:00	16	22	33
2018-02-14 18:30:00	16	22	33
2018-02-14 19:00:00	16	22	33
2018-02-14 19:00:00	16	22	33
2018-02-14 19:00:00	16	22	33
2018-02-14 19:30:00	16	22	33
2018-02-14 19:30:00	16	22	33
2018-02-14 19:30:00	16	22	33
2018-02-14 20:00:00	16	22	33
2018-02-14 20:00:00	16	22	33
2018-02-14 20:00:00	16	22	33
2018-02-14 20:30:00	16	22	32
2018-02-14 20:30:00	16	22	32
2018-02-14 20:30:00	16	22	32
2018-02-14 21:00:00	16	21	32
2018-02-14 21:00:00	16	21	32
2018-02-14 21:00:00	16	21	32
2018-02-14 21:30:00	16	21	32
2018-02-14 21:30:00	16	21	32
2018-02-14 21:30:00	16	21	32
2018-02-14 22:00:00	16	21	32
2018-02-14 22:00:00	16	21	32
2018-02-14 22:00:00	16	21	32
2018-02-14 22:30:00	16	20	32
2018-02-14 22:30:00	16	20	32
2018-02-14 22:30:00	16	20	32
2018-02-14 23:00:00	16	20	32
2018-02-14 23:00:00	16	20	32
2018-02-14 23:00:00	16	20	32
2018-02-14 23:30:00	16	20	32
2018-02-14 23:30:00	16	20	32
2018-02-14 23:30:00	16	20	32
2018-02-15 00:00:00	16	19	31
2018-02-15 00:00:00	16	19	31
2018-02-15 00:00:00	16	19	31
2018-02-15 00:30:00	16	19	31
2018-02-15 00:30:00	16	19	31
2018-02-15 00:30:00	16	19	31